PV_LOAD;CV;PV_IN;TIME
1,43;0;79,03;25/09/2026 18:39
1,51;0;78,98;25/09/2026 18:39
1,58;0;79,04;25/09/2026 18:39
1,58;0;79,04;25/09/2026 18:39
1,64;0;79,11;25/09/2026 18:39
1,72;0;79,17;25/09/2026 18:39
1,78;0;79,24;25/09/2026 18:39
1,83;0;79,3;25/09/2026 18:39
1,9;0;79,36;25/09/2026 18:39
1,96;0;79,35;25/09/2026 18:39
2,01;0;79,31;25/09/2026 18:39
2,07;0;79,28;25/09/2026 18:39
2,12;0;79,26;25/09/2026 18:39
2,17;0;79,23;25/09/2026 18:39
2,21;0;79,2;25/09/2026 18:39
2,26;0;79,18;25/09/2026 18:39
2,31;0;79,14;25/09/2026 18:39
2,34;0;79,12;25/09/2026 18:39
2,39;0;79,1;25/09/2026 18:39
2,43;0;79,08;25/09/2026 18:39
2,47;0;79,06;25/09/2026 18:39
2,5;0;79,04;25/09/2026 18:39
2,55;0;79,02;25/09/2026 18:39
2,57;0;79;25/09/2026 18:39
2,61;0;78,98;25/09/2026 18:39
2,64;0;78,97;25/09/2026 18:39
2,67;0;78,95;25/09/2026 18:39
2,7;0;78,94;25/09/2026 18:39
2,73;0;78,92;25/09/2026 18:40
2,77;0;78,91;25/09/2026 18:40
2,79;0;78,9;25/09/2026 18:40
2,82;0;78,89;25/09/2026 18:40
2,84;0;78,88;25/09/2026 18:40
2,87;0;78,86;25/09/2026 18:40
2,9;0;78,85;25/09/2026 18:40
2,92;0;78,84;25/09/2026 18:40
2,94;0;78,84;25/09/2026 18:40
2,97;0;78,83;25/09/2026 18:40
2,99;0;78,82;25/09/2026 18:40
3,01;0;78,81;25/09/2026 18:40
3,03;0;78,8;25/09/2026 18:40
3,05;0;78,79;25/09/2026 18:40
3,07;0;78,78;25/09/2026 18:40
3,09;0;78,77;25/09/2026 18:40
3,11;0;78,76;25/09/2026 18:40
3,13;0;78,74;25/09/2026 18:40
3,14;0;78,73;25/09/2026 18:40
3,16;0;78,72;25/09/2026 18:40
3,17;0;78,71;25/09/2026 18:40
3,19;0;78,7;25/09/2026 18:40
3,2;0;78,69;25/09/2026 18:40
3,22;0;78,68;25/09/2026 18:40
3,24;0;78,67;25/09/2026 18:40
3,25;0;78,65;25/09/2026 18:40
3,26;0;78,64;25/09/2026 18:40
3,27;0;78,63;25/09/2026 18:40
3,28;0;78,62;25/09/2026 18:40
3,3;0;78,61;25/09/2026 18:40
3,31;0;78,6;25/09/2026 18:40
3,32;0;78,58;25/09/2026 18:40
3,33;0;78,57;25/09/2026 18:40
3,34;0;78,56;25/09/2026 18:40
3,35;0;78,55;25/09/2026 18:40
3,35;0;78,55;25/09/2026 18:40
3,36;0;78,53;25/09/2026 18:40
3,37;0;78,52;25/09/2026 18:40
3,38;0;78,51;25/09/2026 18:40
3,39;0;78,49;25/09/2026 18:40
3,4;0;78,48;25/09/2026 18:40
3,41;0;78,47;25/09/2026 18:40
3,41;0;78,46;25/09/2026 18:40
3,42;0;78,44;25/09/2026 18:40
3,43;0;78,43;25/09/2026 18:40
3,44;0;78,42;25/09/2026 18:40
3,44;0;78,4;25/09/2026 18:40
3,45;0;78,39;25/09/2026 18:40
3,45;0;78,38;25/09/2026 18:40
3,47;0;78,36;25/09/2026 18:40
3,47;0;78,35;25/09/2026 18:40
3,48;0;78,34;25/09/2026 18:40
3,49;0;78,32;25/09/2026 18:40
3,49;0;78,31;25/09/2026 18:40
3,5;0;78,3;25/09/2026 18:40
3,5;0;78,28;25/09/2026 18:40
3,5;0;78,27;25/09/2026 18:40
3,51;0;78,25;25/09/2026 18:40
3,52;0;78,24;25/09/2026 18:40
3,52;0;78,22;25/09/2026 18:40
3,52;0;78,21;25/09/2026 18:41
3,53;0;78,19;25/09/2026 18:41
3,53;0;78,18;25/09/2026 18:41
3,53;0;78,16;25/09/2026 18:41
3,54;0;78,14;25/09/2026 18:41
3,54;0;78,13;25/09/2026 18:41
3,55;0;78,11;25/09/2026 18:41
3,55;0;78,12;25/09/2026 18:41
3,56;0;78,14;25/09/2026 18:41
3,56;0;78,18;25/09/2026 18:41
3,57;0;78,24;25/09/2026 18:41
3,57;0;78,31;25/09/2026 18:41
3,58;0;78,39;25/09/2026 18:41
3,58;0;78,48;25/09/2026 18:41
3,59;0;78,58;25/09/2026 18:41
3,6;0;78,69;25/09/2026 18:41
3,6;0;78,8;25/09/2026 18:41
3,61;0;78,92;25/09/2026 18:41
3,61;0;79,08;25/09/2026 18:41
3,62;0;79,2;25/09/2026 18:41
3,63;0;79,3;25/09/2026 18:41
3,63;0;79,39;25/09/2026 18:41
3,64;0;79,46;25/09/2026 18:41
3,64;0;79,53;25/09/2026 18:41
3,65;0;79,58;25/09/2026 18:41
3,66;0;79,63;25/09/2026 18:41
3,66;0;79,67;25/09/2026 18:41
3,66;0;79,71;25/09/2026 18:41
3,67;0;79,73;25/09/2026 18:41
3,67;0;79,73;25/09/2026 18:41
3,67;0;79,75;25/09/2026 18:41
3,68;0;79,76;25/09/2026 18:41
3,68;0;79,76;25/09/2026 18:41
3,69;0;79,76;25/09/2026 18:41
3,69;0;79,75;25/09/2026 18:41
3,69;0;79,73;25/09/2026 18:41
3,69;0;79,71;25/09/2026 18:41
3,7;0;79,69;25/09/2026 18:41
3,7;0;79,66;25/09/2026 18:41
3,7;0;79,64;25/09/2026 18:41
3,71;0;79,61;25/09/2026 18:41
3,71;0;79,58;25/09/2026 18:41
3,71;0;79,55;25/09/2026 18:41
3,71;0;79,52;25/09/2026 18:41
3,72;0;79,5;25/09/2026 18:41
3,72;0;79,47;25/09/2026 18:41
3,72;0;79,45;25/09/2026 18:41
3,72;0;79,43;25/09/2026 18:41
3,72;0;79,4;25/09/2026 18:41
3,72;0;79,38;25/09/2026 18:41
3,72;0;79,36;25/09/2026 18:41
3,73;0;79,34;25/09/2026 18:41
3,73;0,55;79,32;25/09/2026 18:41
3,75;1,11;79,27;25/09/2026 18:41
3,8;1,66;79,19;25/09/2026 18:41
3,88;2,23;79,1;25/09/2026 18:41
3,95;2,78;78,99;25/09/2026 18:41
4,05;3,89;78,86;25/09/2026 18:41
4,14;4,44;78,71;25/09/2026 18:41
4,3;5,01;78,55;25/09/2026 18:41
4,44;5,55;78,36;25/09/2026 18:42
4,61;6,1;78,17;25/09/2026 18:42
4,77;6,67;77,95;25/09/2026 18:42
4,97;7,22;77,72;25/09/2026 18:42
5,15;7,78;77,48;25/09/2026 18:42
5,39;8,33;77,18;25/09/2026 18:42
5,55;8,88;76,96;25/09/2026 18:42
5,81;9,45;76,74;25/09/2026 18:42
6,1;10;76,52;25/09/2026 18:42
6,34;10,56;76,31;25/09/2026 18:42
6,64;11,11;76,11;25/09/2026 18:42
6,88;11,67;75,9;25/09/2026 18:42
7,12;12,22;75,71;25/09/2026 18:42
7,53;12,77;75,51;25/09/2026 18:42
7,87;13,34;75,32;25/09/2026 18:42
8,21;13,89;75,13;25/09/2026 18:42
8,53;14,45;74,94;25/09/2026 18:42
8,89;15;74,75;25/09/2026 18:42
9,28;15,55;74,57;25/09/2026 18:42
9,66;16,11;74,39;25/09/2026 18:42
10,07;16,66;74,21;25/09/2026 18:42
10,44;17,23;73,99;25/09/2026 18:42
10,86;17,78;73,81;25/09/2026 18:42
11,29;18,33;73,63;25/09/2026 18:42
11,74;18,89;73,46;25/09/2026 18:42
12,2;19,44;73,28;25/09/2026 18:42
12,66;20,01;73,1;25/09/2026 18:42
13,14;20,56;72,93;25/09/2026 18:42
13,62;21,1;72,75;25/09/2026 18:42
14,01;21,67;72,57;25/09/2026 18:42
14,56;22,22;72,39;25/09/2026 18:42
15,02;22,78;72,22;25/09/2026 18:42
15,59;23,33;72,04;25/09/2026 18:42
16,07;23,88;71,87;25/09/2026 18:42
16,6;24,45;71,65;25/09/2026 18:42
16,6;25;71,65;25/09/2026 18:42
17,15;25,56;71,48;25/09/2026 18:42
17,59;25,56;71,31;25/09/2026 18:42
18,25;26,11;71,15;25/09/2026 18:42
18,75;26,66;70,98;25/09/2026 18:42
19,15;27,22;70,82;25/09/2026 18:42
19,91;27,77;70,67;25/09/2026 18:42
20,5;28,34;70,51;25/09/2026 18:42
20,97;28,89;70,36;25/09/2026 18:42
21,63;29,44;70,2;25/09/2026 18:42
22,23;30;70,05;25/09/2026 18:42
22,84;30,55;69,91;25/09/2026 18:42
23,45;31,12;69,77;25/09/2026 18:42
24,06;31,66;69,63;25/09/2026 18:42
24,67;32,23;69,49;25/09/2026 18:42
25,22;32,78;69,32;25/09/2026 18:42
25,84;33,33;69,2;25/09/2026 18:42
26,46;33,89;69,07;25/09/2026 18:42
27;34,44;68,95;25/09/2026 18:42
27,68;35,01;68,83;25/09/2026 18:42
28,24;35,56;68,72;25/09/2026 18:42
28,85;36,11;68,61;25/09/2026 18:42
29,46;36,67;68,5;25/09/2026 18:42
30,06;37,78;68,4;25/09/2026 18:42
30,67;38,33;68,3;25/09/2026 18:42
31,21;38,88;68,21;25/09/2026 18:43
31,69;39,45;68,12;25/09/2026 18:43
32,4;40;68,03;25/09/2026 18:43
32,93;40,56;67,95;25/09/2026 18:43
33,51;41,11;67,85;25/09/2026 18:43
33,97;41,66;67,78;25/09/2026 18:43
34,6;42,22;67,71;25/09/2026 18:43
35,21;42,77;67,64;25/09/2026 18:43
35,77;43,34;67,58;25/09/2026 18:43
36,2;43,89;67,52;25/09/2026 18:43
36,74;44,44;67,47;25/09/2026 18:43
37,32;45;67,42;25/09/2026 18:43
37,84;45,55;67,38;25/09/2026 18:43
38,35;46,12;67,35;25/09/2026 18:43
38,79;46,67;67,32;25/09/2026 18:43
39,33;47,22;67,29;25/09/2026 18:43
39,76;47,78;67,27;25/09/2026 18:43
40,23;48,33;67,25;25/09/2026 18:43
40,59;48,89;67,24;25/09/2026 18:43
41,12;49,44;67,23;25/09/2026 18:43
41,56;50,01;67,23;25/09/2026 18:43
41,93;50,56;67,23;25/09/2026 18:43
42,31;51,11;67,23;25/09/2026 18:43
42,75;51,67;67,24;25/09/2026 18:43
43,1;52,22;67,25;25/09/2026 18:43
43,49;52,78;67,26;25/09/2026 18:43
43,85;53,33;67,26;25/09/2026 18:43
44,22;53,88;67,28;25/09/2026 18:43
44,57;54,45;67,29;25/09/2026 18:43
44,91;55;67,3;25/09/2026 18:43
45,12;55,56;67,32;25/09/2026 18:43
45,57;56,11;67,34;25/09/2026 18:43
45,9;56,66;67,36;25/09/2026 18:43
45,9;57,23;67,36;25/09/2026 18:43
46,15;57,78;67,4;25/09/2026 18:43
46,47;58,34;67,45;25/09/2026 18:43
46,76;58,89;67,53;25/09/2026 18:43
47,03;59,44;67,61;25/09/2026 18:43
47,42;60;67,71;25/09/2026 18:43
47,78;60,55;67,81;25/09/2026 18:43
48,1;61,12;67,92;25/09/2026 18:43
48,33;61,12;68,03;25/09/2026 18:43
48,63;61,67;68,15;25/09/2026 18:43
49;62,22;68,28;25/09/2026 18:43
49,29;62,78;68,4;25/09/2026 18:43
49,52;63,33;68,53;25/09/2026 18:43
49,8;63,89;68,64;25/09/2026 18:43
50,07;64,44;68,75;25/09/2026 18:43
50,33;64,99;68,84;25/09/2026 18:43
50,63;65,56;68,93;25/09/2026 18:43
50,86;66,11;69;25/09/2026 18:43
51,1;66,67;69,07;25/09/2026 18:43
51,37;67,22;69,14;25/09/2026 18:43
51,58;67,77;69,2;25/09/2026 18:43
51,8;68,34;69,25;25/09/2026 18:43
51,98;68,88;69,3;25/09/2026 18:43
52,21;70;69,35;25/09/2026 18:43
52,43;70,56;69,39;25/09/2026 18:43
52,62;71,11;69,43;25/09/2026 18:43
52,79;71,66;69,46;25/09/2026 18:43
52,97;72,23;69,5;25/09/2026 18:44
53,14;72,78;69,52;25/09/2026 18:44
53,29;73,34;69,55;25/09/2026 18:44
53,43;73,89;69,57;25/09/2026 18:44
53,59;74,44;69,59;25/09/2026 18:44
53,75;75;69,61;25/09/2026 18:44
53,86;75,55;69,62;25/09/2026 18:44
54,03;76,12;69,63;25/09/2026 18:44
54,15;76,67;69,63;25/09/2026 18:44
54,27;77,22;69,64;25/09/2026 18:44
54,4;77,78;69,64;25/09/2026 18:44
54,53;78,33;69,64;25/09/2026 18:44
54,64;78,9;69,64;25/09/2026 18:44
54,76;79,44;69,64;25/09/2026 18:44
54,88;79,99;69,64;25/09/2026 18:44
54,97;80,56;69,63;25/09/2026 18:44
55,07;81,11;69,63;25/09/2026 18:44
55,17;81,67;69,62;25/09/2026 18:44
55,27;82,22;69,61;25/09/2026 18:44
55,35;82,77;69,61;25/09/2026 18:44
55,43;83,34;69,6;25/09/2026 18:44
55,53;83,89;69,59;25/09/2026 18:44
55,6;84,45;69,58;25/09/2026 18:44
55,66;85;69,57;25/09/2026 18:44
55,77;85,55;69,56;25/09/2026 18:44
55,84;86,11;69,55;25/09/2026 18:44
55,91;86,66;69,54;25/09/2026 18:44
55,97;87,23;69,53;25/09/2026 18:44
56,05;87,78;69,52;25/09/2026 18:44
56,09;88,33;69,51;25/09/2026 18:44
56,16;88,89;69,5;25/09/2026 18:44
56,16;89,44;69,5;25/09/2026 18:44
56,29;90;69,47;25/09/2026 18:44
56,33;90,55;69,46;25/09/2026 18:44
56,39;91,12;69,44;25/09/2026 18:44
56,39;91,67;69,44;25/09/2026 18:44
56,44;92,22;69,43;25/09/2026 18:44
56,49;92,78;69,41;25/09/2026 18:44
56,54;93,33;69,4;25/09/2026 18:44
56,57;93,33;69,38;25/09/2026 18:44
56,63;93,9;69,36;25/09/2026 18:44
56,67;94,45;69,35;25/09/2026 18:44
56,71;95,56;69,33;25/09/2026 18:44
56,75;95,56;69,31;25/09/2026 18:44
56,79;96,11;69,29;25/09/2026 18:44
56,82;96,67;69,28;25/09/2026 18:44
56,87;97,22;69,26;25/09/2026 18:44
56,89;97,77;69,24;25/09/2026 18:44
56,93;98,34;69,22;25/09/2026 18:44
56,95;98,89;69,21;25/09/2026 18:44
56,99;99,45;69,19;25/09/2026 18:44
57,02;100;69,17;25/09/2026 18:44
57,05;100;69,16;25/09/2026 18:44
57,08;100;69,15;25/09/2026 18:44
57,1;100;69,14;25/09/2026 18:44
57,12;100;69,12;25/09/2026 18:44
57,15;100;69,12;25/09/2026 18:44
57,16;100;69,11;25/09/2026 18:44
57,18;100;69,1;25/09/2026 18:44
57,19;100;69,09;25/09/2026 18:44
57,21;100;69,09;25/09/2026 18:45
57,23;100;69,08;25/09/2026 18:45
57,22;100;69,08;25/09/2026 18:45
57,24;100;69,08;25/09/2026 18:45
57,24;100;69,07;25/09/2026 18:45
57,24;100;69,07;25/09/2026 18:45
57,26;100;69,06;25/09/2026 18:45
57,27;100;69,06;25/09/2026 18:45
57,27;100;69,05;25/09/2026 18:45
57,27;100;69,05;25/09/2026 18:45
57,27;100;69,04;25/09/2026 18:45
57,29;100;69,03;25/09/2026 18:45
57,29;100;69,03;25/09/2026 18:45
57,3;100;69,02;25/09/2026 18:45
57,3;100;69,02;25/09/2026 18:45
57,3;100;69,01;25/09/2026 18:45
57,29;100;69;25/09/2026 18:45
57,3;100;69;25/09/2026 18:45
57,3;100;68,99;25/09/2026 18:45
57,29;100;68,98;25/09/2026 18:45
57,3;100;68,98;25/09/2026 18:45
57,29;100;68,97;25/09/2026 18:45
57,29;100;68,96;25/09/2026 18:45
57,29;100;68,95;25/09/2026 18:45
57,29;100;68,95;25/09/2026 18:45
57,29;100;68,94;25/09/2026 18:45
57,29;100;68,93;25/09/2026 18:45
57,28;100;68,93;25/09/2026 18:45
57,28;100;68,92;25/09/2026 18:45
57,28;100;68,91;25/09/2026 18:45
57,27;100;68,91;25/09/2026 18:45
57,26;100;68,9;25/09/2026 18:45
57,26;100;68,89;25/09/2026 18:45
57,26;100;68,88;25/09/2026 18:45
57,26;100;68,88;25/09/2026 18:45
57,26;100;68,87;25/09/2026 18:45
57,25;100;68,86;25/09/2026 18:45
57,26;100;68,85;25/09/2026 18:45
57,26;100;68,85;25/09/2026 18:45
57,24;100;68,84;25/09/2026 18:45
57,24;100;68,83;25/09/2026 18:45
57,23;100;68,82;25/09/2026 18:45
57,23;100;68,81;25/09/2026 18:45
57,21;100;68,8;25/09/2026 18:45
57,21;100;68,79;25/09/2026 18:45
57,21;100;68,78;25/09/2026 18:45
57,21;100;68,77;25/09/2026 18:45
57,19;100;68,76;25/09/2026 18:45
57,18;100;68,75;25/09/2026 18:45
57,18;100;68,74;25/09/2026 18:45
57,2;100;68,75;25/09/2026 18:45
57,21;100;68,76;25/09/2026 18:45
57,23;100;68,79;25/09/2026 18:45
57,29;100;68,83;25/09/2026 18:45
57,33;100;68,88;25/09/2026 18:45
57,38;100;68,94;25/09/2026 18:45
57,43;100;69,02;25/09/2026 18:45
57,49;100;69,1;25/09/2026 18:45
57,58;100;69,19;25/09/2026 18:45
57,63;100;69,29;25/09/2026 18:45
57,71;100;69,4;25/09/2026 18:46
57,76;100;69,53;25/09/2026 18:46
57,82;100;69,63;25/09/2026 18:46
57,88;100;69,73;25/09/2026 18:46
57,92;100;69,82;25/09/2026 18:46
57,97;100;69,9;25/09/2026 18:46
58,01;100;69,97;25/09/2026 18:46
58,06;100;70,04;25/09/2026 18:46
58,1;100;70,09;25/09/2026 18:46
58,15;100;70,15;25/09/2026 18:46
58,18;100;70,19;25/09/2026 18:46
58,21;100;70,23;25/09/2026 18:46
58,25;100;70,27;25/09/2026 18:46
58,28;100;70,3;25/09/2026 18:46
58,3;100;70,32;25/09/2026 18:46
58,33;100;70,34;25/09/2026 18:46
58,35;100;70,36;25/09/2026 18:46
58,37;100;70,37;25/09/2026 18:46
58,37;100;70,38;25/09/2026 18:46
58,39;100;70,38;25/09/2026 18:46
58,4;100;70,38;25/09/2026 18:46
58,39;100;70,38;25/09/2026 18:46
58,4;100;70,37;25/09/2026 18:46
58,4;100;70,36;25/09/2026 18:46
58,41;100;70,34;25/09/2026 18:46
58,4;100;70,33;25/09/2026 18:46
58,4;100;70,31;25/09/2026 18:46
58,4;100;70,3;25/09/2026 18:46
58,4;100;70,3;25/09/2026 18:46
58,39;100;70,28;25/09/2026 18:46
58,39;100;70,26;25/09/2026 18:46
58,39;100;70,25;25/09/2026 18:46
58,39;100;70,22;25/09/2026 18:46
58,37;100;70,21;25/09/2026 18:46
58,37;100;70,19;25/09/2026 18:46
58,35;100;70,17;25/09/2026 18:46
58,34;100;70,15;25/09/2026 18:46
58,33;100;70,13;25/09/2026 18:46
58,32;100;70,11;25/09/2026 18:46
58,32;100;70,09;25/09/2026 18:46
58,3;100;70,07;25/09/2026 18:46
58,29;100;70,05;25/09/2026 18:46
58,28;100;70,03;25/09/2026 18:46
58,27;100;70;25/09/2026 18:46
58,25;100;69,98;25/09/2026 18:46
58,23;100;69,95;25/09/2026 18:46
58,21;100;69,93;25/09/2026 18:46
58,2;100;69,91;25/09/2026 18:46
58,19;100;69,88;25/09/2026 18:46
58,18;100;69,86;25/09/2026 18:46
58,14;100;69,84;25/09/2026 18:46
58,14;100;69,81;25/09/2026 18:46
58,12;100;69,79;25/09/2026 18:46
58,1;100;69,77;25/09/2026 18:46
58,09;100;69,74;25/09/2026 18:46
58,07;100;69,72;25/09/2026 18:46
58,05;100;69,7;25/09/2026 18:46
58,04;100;69,67;25/09/2026 18:46
58,01;100;69,65;25/09/2026 18:46
58;100;69,63;25/09/2026 18:46
57,98;100;69,61;25/09/2026 18:47
57,97;100;69,58;25/09/2026 18:47
57,95;100;69,56;25/09/2026 18:47
57,93;100;69,54;25/09/2026 18:47
57,92;100;69,52;25/09/2026 18:47
57,9;100;69,5;25/09/2026 18:47
57,88;100;69,48;25/09/2026 18:47
57,88;100;69,46;25/09/2026 18:47
57,86;100;69,44;25/09/2026 18:47
57,84;100;69,42;25/09/2026 18:47
57,83;100;69,41;25/09/2026 18:47
57,82;100;69,39;25/09/2026 18:47
57,8;100;69,38;25/09/2026 18:47
57,79;100;69,36;25/09/2026 18:47
57,78;100;69,35;25/09/2026 18:47
57,77;100;69,33;25/09/2026 18:47
57,76;100;69,32;25/09/2026 18:47
57,74;100;69,3;25/09/2026 18:47
57,73;100;69,29;25/09/2026 18:47
57,71;100;69,28;25/09/2026 18:47
57,71;100;69,27;25/09/2026 18:47
57,68;100;69,25;25/09/2026 18:47
57,68;100;69,24;25/09/2026 18:47
57,67;100;69,23;25/09/2026 18:47
57,67;100;69,22;25/09/2026 18:47
57,65;100;69,21;25/09/2026 18:47
57,64;100;69,2;25/09/2026 18:47
57,62;100;69,19;25/09/2026 18:47
57,62;100;69,19;25/09/2026 18:47
57,62;100;69,18;25/09/2026 18:47
57,59;100;69,16;25/09/2026 18:47
57,59;100;69,15;25/09/2026 18:47
57,59;100;69,15;25/09/2026 18:47
57,59;100;69,14;25/09/2026 18:47
57,57;100;69,13;25/09/2026 18:47
57,57;100;69,12;25/09/2026 18:47
57,55;100;69,11;25/09/2026 18:47
57,54;100;69,1;25/09/2026 18:47
57,54;100;69,09;25/09/2026 18:47
57,52;100;69,08;25/09/2026 18:47
57,51;100;69,07;25/09/2026 18:47
57,51;100;69,06;25/09/2026 18:47
57,49;100;69,04;25/09/2026 18:47
57,49;100;69,03;25/09/2026 18:47
57,46;100;69,02;25/09/2026 18:47
57,46;100;69,01;25/09/2026 18:47
57,45;100;69;25/09/2026 18:47
57,45;100;68,99;25/09/2026 18:47
57,43;100;68,97;25/09/2026 18:47
57,42;100;68,96;25/09/2026 18:47
57,42;100;68,95;25/09/2026 18:47
57,41;100;68,94;25/09/2026 18:47
57,39;100;68,93;25/09/2026 18:47
57,38;100;68,92;25/09/2026 18:47
57,38;100;68,91;25/09/2026 18:47
57,37;100;68,9;25/09/2026 18:47
57,36;100;68,89;25/09/2026 18:47
57,34;100;68,88;25/09/2026 18:47
57,34;100;68,87;25/09/2026 18:47
57,32;100;68,86;25/09/2026 18:47
57,32;100;68,85;25/09/2026 18:48
57,31;100;68,83;25/09/2026 18:48
57,31;100;68,82;25/09/2026 18:48
57,29;100;68,81;25/09/2026 18:48
57,29;100;68,8;25/09/2026 18:48
57,26;100;68,79;25/09/2026 18:48
57,26;100;68,78;25/09/2026 18:48
57,26;100;68,77;25/09/2026 18:48
57,26;100;68,77;25/09/2026 18:48
57,27;100;68,78;25/09/2026 18:48
57,29;100;68,8;25/09/2026 18:48
57,33;100;68,83;25/09/2026 18:48
57,35;100;68,88;25/09/2026 18:48
57,42;100;68,93;25/09/2026 18:48
57,48;100;69;25/09/2026 18:48
57,53;100;69,08;25/09/2026 18:48
57,61;100;69,17;25/09/2026 18:48
57,67;100;69,27;25/09/2026 18:48
57,73;100;69,37;25/09/2026 18:48
57,78;100;69,48;25/09/2026 18:48
57,85;100;69,61;25/09/2026 18:48
57,89;100;69,71;25/09/2026 18:48
57,95;100;69,8;25/09/2026 18:48
57,99;100;69,89;25/09/2026 18:48
58,05;100;69,97;25/09/2026 18:48
58,09;100;70,04;25/09/2026 18:48
58,13;100;70,1;25/09/2026 18:48
58,17;100;70,15;25/09/2026 18:48
58,22;100;70,2;25/09/2026 18:48
58,26;100;70,25;25/09/2026 18:48
58,29;100;70,29;25/09/2026 18:48
58,32;100;70,32;25/09/2026 18:48
58,35;100;70,35;25/09/2026 18:48
58,37;100;70,38;25/09/2026 18:48
58,39;100;70,39;25/09/2026 18:48
58,41;100;70,41;25/09/2026 18:48
58,43;100;70,42;25/09/2026 18:48
58,42;100;70,43;25/09/2026 18:48
58,42;100;70,43;25/09/2026 18:48
58,45;100;70,43;25/09/2026 18:48
58,46;100;70,43;25/09/2026 18:48
58,46;100;70,42;25/09/2026 18:48
58,46;100;70,41;25/09/2026 18:48
58,46;100;70,4;25/09/2026 18:48
58,46;100;70,38;25/09/2026 18:48
58,46;100;70,37;25/09/2026 18:48
58,46;100;70,36;25/09/2026 18:48
58,45;100;70,34;25/09/2026 18:48
58,45;100;70,32;25/09/2026 18:48
58,43;100;70,31;25/09/2026 18:48
58,43;100;70,29;25/09/2026 18:48
58,43;100;70,27;25/09/2026 18:48
58,42;100;70,25;25/09/2026 18:48
58,42;100;70,23;25/09/2026 18:48
58,4;100;70,21;25/09/2026 18:48
58,4;100;70,19;25/09/2026 18:48
58,39;100;70,17;25/09/2026 18:48
58,38;100;70,15;25/09/2026 18:48
58,37;100;70,13;25/09/2026 18:48
58,35;100;70,11;25/09/2026 18:48
58,34;100;70,09;25/09/2026 18:49
58,32;100;70,07;25/09/2026 18:49
58,31;100;70,04;25/09/2026 18:49
58,29;100;70,02;25/09/2026 18:49
58,28;100;70;25/09/2026 18:49
58,26;100;69,97;25/09/2026 18:49
58,24;100;69,95;25/09/2026 18:49
58,22;100;69,92;25/09/2026 18:49
58,22;100;69,89;25/09/2026 18:49
58,2;100;69,87;25/09/2026 18:49
58,17;100;69,85;25/09/2026 18:49
58,16;100;69,82;25/09/2026 18:49
58,14;100;69,8;25/09/2026 18:49
58,11;100;69,77;25/09/2026 18:49
58,1;100;69,75;25/09/2026 18:49
58,09;100;69,72;25/09/2026 18:49
58,07;100;69,7;25/09/2026 18:49
58,06;100;69,68;25/09/2026 18:49
58,04;100;69,65;25/09/2026 18:49
58,01;100;69,63;25/09/2026 18:49
57,99;100;69,6;25/09/2026 18:49
57,98;100;69,58;25/09/2026 18:49
57,96;100;69,56;25/09/2026 18:49
57,94;100;69,54;25/09/2026 18:49
57,93;100;69,52;25/09/2026 18:49
57,91;100;69,5;25/09/2026 18:49
57,91;100;69,5;25/09/2026 18:49
57,9;100;69,48;25/09/2026 18:49
57,88;100;69,46;25/09/2026 18:49
57,86;100;69,44;25/09/2026 18:49
57,85;100;69,42;25/09/2026 18:49
57,84;100;69,4;25/09/2026 18:49
57,82;100;69,39;25/09/2026 18:49
57,81;100;69,37;25/09/2026 18:49
57,79;100;69,36;25/09/2026 18:49
57,78;100;69,34;25/09/2026 18:49
57,76;100;69,33;25/09/2026 18:49
57,76;100;69,31;25/09/2026 18:49
57,74;100;69,3;25/09/2026 18:49
57,73;100;69,29;25/09/2026 18:49
57,71;100;69,28;25/09/2026 18:49
57,7;100;69,26;25/09/2026 18:49
57,7;100;69,25;25/09/2026 18:49
57,68;100;69,24;25/09/2026 18:49
57,67;100;69,23;25/09/2026 18:49
57,66;100;69,22;25/09/2026 18:49
57,65;100;69,21;25/09/2026 18:49
57,63;100;69,19;25/09/2026 18:49
57,63;100;69,18;25/09/2026 18:49
57,62;100;69,17;25/09/2026 18:49
57,61;100;69,16;25/09/2026 18:49
57,59;99,45;69,15;25/09/2026 18:49
57,59;98,89;69,14;25/09/2026 18:49
57,58;98,34;69,13;25/09/2026 18:49
57,56;97,77;69,11;25/09/2026 18:49
57,56;97,22;69,1;25/09/2026 18:49
57,54;96,67;69,09;25/09/2026 18:49
57,53;96,11;69,08;25/09/2026 18:49
57,52;95,56;69,07;25/09/2026 18:49
57,51;94,99;69,06;25/09/2026 18:49
57,49;94,45;69,05;25/09/2026 18:50
57,48;93,9;69,05;25/09/2026 18:50
57,46;93,33;69,04;25/09/2026 18:50
57,44;92,78;69,04;25/09/2026 18:50
57,44;92,22;69,03;25/09/2026 18:50
57,41;91,67;69,02;25/09/2026 18:50
57,39;91,12;69,02;25/09/2026 18:50
57,37;90,55;69,02;25/09/2026 18:50
57,35;90;69,02;25/09/2026 18:50
57,34;89,44;69,01;25/09/2026 18:50
57,32;88,89;69,01;25/09/2026 18:50
57,3;88,33;69,01;25/09/2026 18:50
57,28;87,78;69,01;25/09/2026 18:50
57,26;87,23;69;25/09/2026 18:50
57,23;86,66;69;25/09/2026 18:50
57,23;86,11;69;25/09/2026 18:50
57,19;85,55;69;25/09/2026 18:50
57,17;85;69;25/09/2026 18:50
57,14;84,45;68,99;25/09/2026 18:50
57,1;83,89;68,99;25/09/2026 18:50
57,08;83,34;68,99;25/09/2026 18:50
57,06;82,77;68,99;25/09/2026 18:50
57,02;82,22;68,99;25/09/2026 18:50
57;81,67;68,99;25/09/2026 18:50
57;81,67;68,99;25/09/2026 18:50
56,98;81,11;68,99;25/09/2026 18:50
56,94;80,56;68,99;25/09/2026 18:50
56,93;79,99;69;25/09/2026 18:50
56,92;79,44;69,01;25/09/2026 18:50
56,91;78,9;69,05;25/09/2026 18:50
56,91;78,33;69,09;25/09/2026 18:50
56,95;77,78;69,14;25/09/2026 18:50
56,96;77,22;69,21;25/09/2026 18:50
57,01;76,67;69,28;25/09/2026 18:50
57,05;76,12;69,37;25/09/2026 18:50
57,09;75,55;69,46;25/09/2026 18:50
57,13;75;69,56;25/09/2026 18:50
57,16;74,44;69,67;25/09/2026 18:50
57,21;73,89;69,78;25/09/2026 18:50
57,25;73,34;69,88;25/09/2026 18:50
57,28;72,78;69,99;25/09/2026 18:50
57,32;72,23;70,09;25/09/2026 18:50
57,35;71,66;70,18;25/09/2026 18:50
57,38;71,11;70,26;25/09/2026 18:50
57,42;70,56;70,36;25/09/2026 18:50
57,45;70;70,43;25/09/2026 18:50
57,47;69,45;70,49;25/09/2026 18:50
57,5;68,34;70,54;25/09/2026 18:50
57,52;67,77;70,59;25/09/2026 18:50
57,53;67,22;70,63;25/09/2026 18:50
57,55;66,67;70,67;25/09/2026 18:50
57,56;66,11;70,71;25/09/2026 18:50
57,57;65,56;70,74;25/09/2026 18:50
57,56;64,99;70,77;25/09/2026 18:50
57,56;64,44;70,8;25/09/2026 18:50
57,55;63,89;70,82;25/09/2026 18:50
57,54;63,33;70,84;25/09/2026 18:50
57,53;62,78;70,86;25/09/2026 18:50
57,52;62,22;70,87;25/09/2026 18:50
57,5;61,67;70,88;25/09/2026 18:50
57,46;61,12;70,9;25/09/2026 18:51
57,45;60,55;70,91;25/09/2026 18:51
57,42;60;70,92;25/09/2026 18:51
57,38;59,44;70,93;25/09/2026 18:51
57,34;58,89;70,94;25/09/2026 18:51
57,32;58,34;70,95;25/09/2026 18:51
57,27;57,78;70,96;25/09/2026 18:51
57,23;57,23;70,97;25/09/2026 18:51
57,2;56,66;70,98;25/09/2026 18:51
57,17;56,11;70,98;25/09/2026 18:51
57,11;55,56;70,99;25/09/2026 18:51
57,07;55;71;25/09/2026 18:51
57,02;54,45;71,01;25/09/2026 18:51
56,96;53,88;71,01;25/09/2026 18:51
56,91;53,33;71,02;25/09/2026 18:51
56,85;52,78;71,03;25/09/2026 18:51
56,81;52,22;71,03;25/09/2026 18:51
56,76;51,67;71,04;25/09/2026 18:51
56,69;51,11;71,05;25/09/2026 18:51
56,65;50,56;71,05;25/09/2026 18:51
56,58;50,01;71,06;25/09/2026 18:51
56,52;49,44;71,07;25/09/2026 18:51
56,44;48,89;71,08;25/09/2026 18:51
56,38;48,33;71,09;25/09/2026 18:51
56,32;47,78;71,09;25/09/2026 18:51
56,27;47,22;71,1;25/09/2026 18:51
56,18;46,67;71,11;25/09/2026 18:51
56,1;46,12;71,12;25/09/2026 18:51
56,02;45,55;71,13;25/09/2026 18:51
55,94;45;71,14;25/09/2026 18:51
55,94;45;71,14;25/09/2026 18:51
55,88;44,44;71,15;25/09/2026 18:51
55,8;43,89;71,17;25/09/2026 18:51
55,71;43,34;71,18;25/09/2026 18:51
55,63;42,77;71,19;25/09/2026 18:51
55,55;42,22;71,21;25/09/2026 18:51
55,46;41,66;71,23;25/09/2026 18:51
55,35;41,11;71,24;25/09/2026 18:51
55,28;40,56;71,26;25/09/2026 18:51
55,18;40;71,28;25/09/2026 18:51
55,08;39,45;71,3;25/09/2026 18:51
55;38,88;71,32;25/09/2026 18:51
54,9;38,33;71,34;25/09/2026 18:51
54,81;37,78;71,37;25/09/2026 18:51
54,68;37,22;71,4;25/09/2026 18:51
54,58;36,67;71,42;25/09/2026 18:51
54,47;36,11;71,45;25/09/2026 18:51
54,35;35,56;71,48;25/09/2026 18:51
54,25;34,44;71,51;25/09/2026 18:51
54,13;33,89;71,54;25/09/2026 18:51
54,03;33,33;71,57;25/09/2026 18:51
53,91;32,78;71,61;25/09/2026 18:51
53,78;32,23;71,65;25/09/2026 18:51
53,65;31,66;71,69;25/09/2026 18:51
53,54;31,12;71,73;25/09/2026 18:51
53,37;30,55;71,78;25/09/2026 18:51
53,23;30;71,83;25/09/2026 18:51
53,11;29,44;71,87;25/09/2026 18:51
53,01;28,89;71,93;25/09/2026 18:51
52,79;28,34;71,98;25/09/2026 18:51
52,65;27,77;72,05;25/09/2026 18:52
52,51;27,22;72,11;25/09/2026 18:52
52,34;26,66;72,17;25/09/2026 18:52
52,15;26,11;72,22;25/09/2026 18:52
51,98;25,56;72,28;25/09/2026 18:52
51,81;25;72,34;25/09/2026 18:52
51,63;24,45;72,39;25/09/2026 18:52
51,44;23,88;72,45;25/09/2026 18:52
51,24;23,33;72,51;25/09/2026 18:52
51,06;22,78;72,57;25/09/2026 18:52
50,84;22,22;72,63;25/09/2026 18:52
50,62;21,67;72,7;25/09/2026 18:52
50,44;21,1;72,76;25/09/2026 18:52
50,21;20,56;72,82;25/09/2026 18:52
50;20,01;72,91;25/09/2026 18:52
49,73;19,44;72,98;25/09/2026 18:52
49,52;18,89;73,05;25/09/2026 18:52
49,27;18,33;73,13;25/09/2026 18:52
49;17,78;73,2;25/09/2026 18:52
48,77;17,23;73,28;25/09/2026 18:52
48,5;16,66;73,36;25/09/2026 18:52
48,19;16,11;73,45;25/09/2026 18:52
48,06;15,55;73,54;25/09/2026 18:52
47,69;15;73,62;25/09/2026 18:52
47,69;15;73,62;25/09/2026 18:52
47,08;13,89;73,8;25/09/2026 18:52
47,08;13,89;73,8;25/09/2026 18:52
46,77;13,34;73,89;25/09/2026 18:52
46,45;12,77;73,99;25/09/2026 18:52
45,88;11,67;74,18;25/09/2026 18:52
45,47;11,11;74,29;25/09/2026 18:52
45,47;11,11;74,29;25/09/2026 18:52
45,08;10,56;74,42;25/09/2026 18:52
44,83;10;74,53;25/09/2026 18:52
44,35;9,45;74,63;25/09/2026 18:52
43,98;8,88;74,74;25/09/2026 18:52
43,59;8,33;74,86;25/09/2026 18:52
43,39;7,78;74,97;25/09/2026 18:52
42,83;7,22;75,09;25/09/2026 18:52
42,46;6,67;75,22;25/09/2026 18:52
42,04;6,1;75,34;25/09/2026 18:52
41,61;5,55;75,5;25/09/2026 18:52
41,17;5,01;75,63;25/09/2026 18:52
40,67;4,44;75,76;25/09/2026 18:52
40,26;3,89;75,89;25/09/2026 18:52
39,85;2,78;76,02;25/09/2026 18:52
39,33;2,23;76,16;25/09/2026 18:52
38,85;1,66;76,29;25/09/2026 18:52
38,41;1,11;76,43;25/09/2026 18:52
37,97;0,55;76,56;25/09/2026 18:52
37,41;0;76,71;25/09/2026 18:52
36,97;0;76,87;25/09/2026 18:52
36,47;0;77,04;25/09/2026 18:52
35,93;0;77,2;25/09/2026 18:52
35,51;0;77,36;25/09/2026 18:52
35,07;0;77,56;25/09/2026 18:52
34,72;0;77,71;25/09/2026 18:52
34,2;0;77,86;25/09/2026 18:52
33,8;0;78;25/09/2026 18:52
33,47;0;78,14;25/09/2026 18:52
33,04;0;78,27;25/09/2026 18:53
32,65;0;78,39;25/09/2026 18:53
32,28;0;78,49;25/09/2026 18:53
31,91;0;78,58;25/09/2026 18:53
31,54;0;78,65;25/09/2026 18:53
31,19;0;78,71;25/09/2026 18:53
30,84;0;78,77;25/09/2026 18:53
30,54;0;78,84;25/09/2026 18:53
30,26;0;78,88;25/09/2026 18:53
29,87;0;78,92;25/09/2026 18:53
29,54;0;78,95;25/09/2026 18:53
29,26;0;78,98;25/09/2026 18:53
28,95;0;78,99;25/09/2026 18:53
28,63;0;79;25/09/2026 18:53
28,37;0;79,01;25/09/2026 18:53
28,13;0;79;25/09/2026 18:53
27,74;0;78,99;25/09/2026 18:53
27,49;0;78,97;25/09/2026 18:53
27,17;0;78,95;25/09/2026 18:53
26,92;0;78,92;25/09/2026 18:53
26,64;0;78,89;25/09/2026 18:53
26,38;0;78,85;25/09/2026 18:53
26,38;0;78,85;25/09/2026 18:53
25,89;0;78,77;25/09/2026 18:53
25,89;0;78,77;25/09/2026 18:53
25,61;0;78,74;25/09/2026 18:53
25,35;0;78,7;25/09/2026 18:53
25,12;0;78,67;25/09/2026 18:53
24,86;0;78,64;25/09/2026 18:53
24,61;0;78,6;25/09/2026 18:53
24,37;0;78,57;25/09/2026 18:53
24,18;0;78,55;25/09/2026 18:53
23,93;0;78,52;25/09/2026 18:53
23,7;0;78,49;25/09/2026 18:53
23,47;0;78,46;25/09/2026 18:53
23,26;0;78,44;25/09/2026 18:53
23,06;0;78,41;25/09/2026 18:53
22,86;0;78,39;25/09/2026 18:53
22,62;0;78,37;25/09/2026 18:53
22,46;0;78,34;25/09/2026 18:53
22,23;0;78,32;25/09/2026 18:53
22,01;0;78,3;25/09/2026 18:53
21,8;0;78,28;25/09/2026 18:53
21,61;0;78,26;25/09/2026 18:53
21,42;0;78,24;25/09/2026 18:53
21,28;0;78,22;25/09/2026 18:53
21,07;0;78,19;25/09/2026 18:53
20,91;0;78,17;25/09/2026 18:53
20,72;0;78,15;25/09/2026 18:53
20,54;0;78,13;25/09/2026 18:53
20,36;0;78,11;25/09/2026 18:53
20,19;0;78,1;25/09/2026 18:53
20,03;0;78,08;25/09/2026 18:53
19,87;0;78,06;25/09/2026 18:53
19,69;0;78,04;25/09/2026 18:53
19,56;0;78,03;25/09/2026 18:53
19,39;0;78,01;25/09/2026 18:53
19,23;0;77,99;25/09/2026 18:53
19,12;0;77,97;25/09/2026 18:53
18,93;0;77,96;25/09/2026 18:53
18,78;0;77,94;25/09/2026 18:54
18,64;0;77,92;25/09/2026 18:54
18,5;0;77,9;25/09/2026 18:54
18,35;0;77,89;25/09/2026 18:54
18,21;0;77,87;25/09/2026 18:54
18,06;0;77,85;25/09/2026 18:54
17,94;0;77,84;25/09/2026 18:54
17,94;0;77,84;25/09/2026 18:54
17,66;0;77,81;25/09/2026 18:54
17,66;0;77,81;25/09/2026 18:54
17,54;0;77,79;25/09/2026 18:54
17,43;0;77,78;25/09/2026 18:54
17,29;0;77,77;25/09/2026 18:54
17,16;0;77,75;25/09/2026 18:54
17,05;0;77,74;25/09/2026 18:54
16,94;0;77,73;25/09/2026 18:54
16,84;0;77,71;25/09/2026 18:54
16,72;0;77,7;25/09/2026 18:54
16,61;0;77,68;25/09/2026 18:54
16,49;0;77,67;25/09/2026 18:54
16,37;0;77,66;25/09/2026 18:54
16,31;0;77,64;25/09/2026 18:54
16,18;0;77,63;25/09/2026 18:54
16,07;0;77,62;25/09/2026 18:54
15,96;0;77,6;25/09/2026 18:54
15,86;0;77,59;25/09/2026 18:54
15,77;0;77,58;25/09/2026 18:54
15,68;0;77,56;25/09/2026 18:54
15,58;0;77,55;25/09/2026 18:54
15,49;0;77,54;25/09/2026 18:54
15,39;0;77,52;25/09/2026 18:54
15,29;0;77,51;25/09/2026 18:54
15,21;0;77,5;25/09/2026 18:54
15,13;0;77,49;25/09/2026 18:54
15,03;0;77,47;25/09/2026 18:54
14,97;0;77,46;25/09/2026 18:54
14,88;0;77,44;25/09/2026 18:54
14,79;0;77,43;25/09/2026 18:54
14,7;0;77,42;25/09/2026 18:54
14,64;0;77,41;25/09/2026 18:54
14,55;0;77,39;25/09/2026 18:54
14,48;0;77,38;25/09/2026 18:54
14,39;0;77,37;25/09/2026 18:54
14,33;0;77,35;25/09/2026 18:54
14,25;0;77,34;25/09/2026 18:54
14,17;0;77,33;25/09/2026 18:54
14,11;0;77,31;25/09/2026 18:54
14,05;0;77,3;25/09/2026 18:54
13,97;0;77,29;25/09/2026 18:54
13,9;0;77,27;25/09/2026 18:54
13,86;0;77,26;25/09/2026 18:54
13,77;0;77,24;25/09/2026 18:54
13,7;0;77,23;25/09/2026 18:54
13,63;0;77,22;25/09/2026 18:54
13,58;0;77,21;25/09/2026 18:54
13,51;0;77,19;25/09/2026 18:54
13,45;0;77,18;25/09/2026 18:54
13,4;0;77,16;25/09/2026 18:54
13,34;0;77,15;25/09/2026 18:54
13,28;0;77,14;25/09/2026 18:54
13,28;0;77,14;25/09/2026 18:55
13,22;0;77,12;25/09/2026 18:55
13,17;0;77,11;25/09/2026 18:55
13,12;0;77,1;25/09/2026 18:55
13,06;0;77,08;25/09/2026 18:55
13,01;0;77,06;25/09/2026 18:55
12,96;0;77,05;25/09/2026 18:55
12,9;0;77,04;25/09/2026 18:55
12,85;0;77,02;25/09/2026 18:55
12,8;0;77,01;25/09/2026 18:55
12,75;0;76,99;25/09/2026 18:55
12,7;0;76,98;25/09/2026 18:55
12,65;0;76,96;25/09/2026 18:55
12,62;0;76,95;25/09/2026 18:55
12,56;0;76,94;25/09/2026 18:55
12,51;0;76,92;25/09/2026 18:55
12,47;0;76,91;25/09/2026 18:55
12,42;0;76,89;25/09/2026 18:55
12,39;0;76,87;25/09/2026 18:55
12,34;0;76,86;25/09/2026 18:55
12,3;0;76,84;25/09/2026 18:55
12,26;0;76,83;25/09/2026 18:55
12,22;0;76,81;25/09/2026 18:55
12,19;0;76,79;25/09/2026 18:55
12,14;0;76,78;25/09/2026 18:55
12,12;0;76,76;25/09/2026 18:55
12,06;0;76,74;25/09/2026 18:55
12,03;0;76,73;25/09/2026 18:55
11,99;0;76,74;25/09/2026 18:55
11,96;0;76,76;25/09/2026 18:55
11,93;0;76,8;25/09/2026 18:55
11,9;0;76,87;25/09/2026 18:55
11,87;0;76,95;25/09/2026 18:55
11,84;0;77,04;25/09/2026 18:55
11,82;0;77,18;25/09/2026 18:55
11,8;0;77,3;25/09/2026 18:55
11,76;0;77,42;25/09/2026 18:55
11,74;0;77,56;25/09/2026 18:55
11,73;0;77,7;25/09/2026 18:55
11,7;0;77,85;25/09/2026 18:55
11,68;0;77,99;25/09/2026 18:55
11,66;0;78,11;25/09/2026 18:55
11,63;0;78,22;25/09/2026 18:55
11,62;0;78,32;25/09/2026 18:55
11,6;0;78,4;25/09/2026 18:55
11,58;0;78,47;25/09/2026 18:55
11,56;0;78,54;25/09/2026 18:55
11,54;0;78,59;25/09/2026 18:55
11,52;0;78,65;25/09/2026 18:55
11,51;0;78,68;25/09/2026 18:55
11,49;0;78,71;25/09/2026 18:55
11,47;0;78,73;25/09/2026 18:55
11,45;0;78,74;25/09/2026 18:55
11,43;0;78,74;25/09/2026 18:55
11,41;0;78,74;25/09/2026 18:55
11,4;0;78,73;25/09/2026 18:55
11,38;0;78,71;25/09/2026 18:55
11,36;0;78,69;25/09/2026 18:55
11,36;0;78,69;25/09/2026 18:55
11,34;0;78,67;25/09/2026 18:55
11,33;0;78,63;25/09/2026 18:56
11,3;0;78,6;25/09/2026 18:56
11,29;0;78,56;25/09/2026 18:56
11,27;0;78,53;25/09/2026 18:56
11,26;0;78,5;25/09/2026 18:56
11,24;0;78,47;25/09/2026 18:56
11,23;0;78,44;25/09/2026 18:56
11,21;0;78,41;25/09/2026 18:56
11,19;0;78,39;25/09/2026 18:56
11,18;0;78,36;25/09/2026 18:56
11,16;0;78,33;25/09/2026 18:56
11,15;0;78,31;25/09/2026 18:56
11,13;0;78,28;25/09/2026 18:56
11,12;0;78,26;25/09/2026 18:56
11,1;0;78,23;25/09/2026 18:56
11,08;0;78,21;25/09/2026 18:56
11,07;0;78,19;25/09/2026 18:56
11,06;0;78,17;25/09/2026 18:56
11,04;0;78,15;25/09/2026 18:56
11,03;0;78,12;25/09/2026 18:56
11,02;0;78,1;25/09/2026 18:56
11;0;78,08;25/09/2026 18:56
10,99;0;78,06;25/09/2026 18:56
10,98;0;78,04;25/09/2026 18:56
10,96;0;78,02;25/09/2026 18:56
10,94;0;78;25/09/2026 18:56
10,94;0;77,98;25/09/2026 18:56
10,93;0;77,96;25/09/2026 18:56
10,91;0;77,94;25/09/2026 18:56
10,9;0;77,92;25/09/2026 18:56
10,88;0;77,91;25/09/2026 18:56
10,88;0;77,89;25/09/2026 18:56
10,87;0;77,87;25/09/2026 18:56
10,85;0;77,85;25/09/2026 18:56
10,84;0;77,84;25/09/2026 18:56
10,83;0;77,82;25/09/2026 18:56
10,82;0;77,8;25/09/2026 18:56
10,81;0;77,78;25/09/2026 18:56
10,8;0;77,77;25/09/2026 18:56
10,79;0;77,75;25/09/2026 18:56
