Time (s),CV (%),PV (%),PI (%)
0.0,0.0,9.27,78.36
0.25,0.0,9.27,78.36
0.5,0.0,9.19,78.31
0.75,0.0,9.19,78.31
1.0,0.0,9.19,78.31
1.25,0.0,9.19,78.31
1.5,0.0,9.13,78.25
1.75,0.0,9.13,78.25
2.0,0.0,9.13,78.25
2.25,0.0,9.13,78.25
2.5,0.0,9.08,78.2
2.75,0.0,9.08,78.2
3.0,0.0,9.08,78.2
3.25,0.0,9.08,78.2
3.5,0.0,9.03,78.14
3.75,0.0,9.03,78.14
4.0,0.0,9.03,78.14
4.25,0.0,9.03,78.14
4.5,0.0,8.99,78.08
4.75,0.0,8.99,78.08
5.0,0.0,8.99,78.08
5.25,0.0,8.99,78.08
5.5,0.0,8.99,78.08
5.75,0.0,8.96,78.02
6.0,0.0,8.96,78.02
6.25,0.0,8.96,78.02
6.5,0.0,8.96,78.02
6.75,0.0,8.93,77.96
7.0,0.0,8.93,77.96
7.25,0.0,8.93,77.96
7.5,0.0,8.93,77.96
7.75,0.0,8.91,77.89
8.0,0.0,8.91,77.89
8.25,0.0,8.91,77.89
8.5,0.0,8.91,77.89
8.75,0.0,8.89,77.83
9.0,0.0,8.89,77.83
9.25,0.0,8.89,77.83
9.5,0.0,8.89,77.83
9.75,0.0,8.86,77.79
10.0,0.0,8.86,77.79
10.25,0.0,8.86,77.79
10.5,0.0,8.86,77.79
10.75,0.0,8.84,77.75
11.0,0.0,8.84,77.75
11.25,0.0,8.84,77.75
11.5,0.0,8.84,77.75
11.75,0.0,8.83,77.72
12.0,0.0,8.83,77.72
12.25,0.0,8.83,77.72
12.5,0.0,8.83,77.72
12.75,0.0,8.81,77.69
13.0,0.0,8.81,77.69
13.25,0.0,8.81,77.69
13.5,0.0,8.81,77.69
13.75,0.0,8.81,77.69
14.0,0.0,8.8,77.66
14.25,0.0,8.8,77.66
14.5,0.0,8.8,77.66
14.75,0.0,8.79,77.63
15.0,0.0,8.79,77.63
15.25,0.0,8.79,77.63
15.5,0.0,8.79,77.63
15.75,0.0,8.79,77.63
16.0,0.0,8.78,77.6
16.25,0.0,8.78,77.6
16.5,0.0,8.78,77.6
16.75,0.0,8.78,77.6
17.0,0.0,8.77,77.57
17.25,0.0,8.77,77.57
17.5,0.0,8.77,77.57
17.75,0.0,8.77,77.57
18.0,0.0,8.76,77.54
18.25,0.0,8.76,77.54
18.5,0.0,8.76,77.54
18.75,0.0,8.76,77.54
19.0,0.0,8.75,77.51
19.25,0.0,8.75,77.51
19.5,0.0,8.75,77.51
19.75,0.0,8.75,77.51
20.0,0.0,8.73,77.48
20.25,0.0,8.73,77.48
20.5,0.0,8.73,77.48
20.75,0.0,8.73,77.48
21.0,0.0,8.73,77.46
21.25,0.0,8.73,77.46
21.5,0.0,8.73,77.46
21.75,0.0,8.73,77.46
22.0,0.0,8.72,77.43
22.25,0.0,8.72,77.43
22.5,0.0,8.72,77.43
22.75,0.0,8.72,77.43
23.0,0.0,8.71,77.4
23.25,0.0,8.71,77.4
23.5,0.0,8.71,77.4
23.75,0.0,8.71,77.4
24.0,0.0,8.7,77.38
24.25,0.0,8.7,77.38
24.5,0.0,8.7,77.38
24.75,0.0,8.7,77.38
25.0,0.0,8.7,77.35
25.25,0.0,8.7,77.35
25.5,0.0,8.7,77.35
25.75,0.0,8.7,77.35
26.0,0.0,8.7,77.35
26.25,0.0,8.69,77.33
26.5,0.0,8.69,77.33
26.75,0.0,8.69,77.33
27.0,0.0,8.69,77.33
27.25,0.0,8.68,77.3
27.5,0.0,8.68,77.3
27.75,0.0,8.68,77.3
28.0,0.0,8.68,77.3
28.25,0.0,8.67,77.28
28.5,0.0,8.67,77.28
28.75,0.0,8.67,77.28
29.0,0.0,8.67,77.28
29.25,0.0,8.67,77.25
29.5,0.0,8.67,77.25
29.75,0.0,8.67,77.25
30.0,0.0,8.67,77.25
30.25,0.0,8.66,77.22
30.5,0.0,8.66,77.22
30.75,0.0,8.66,77.22
31.0,0.0,8.66,77.22
31.25,0.0,8.65,77.2
31.5,0.0,8.65,77.2
31.75,0.0,8.65,77.2
32.0,0.0,8.65,77.2
32.25,0.0,8.64,77.18
32.5,0.0,8.64,77.18
32.75,0.0,8.64,77.18
33.0,0.0,8.64,77.18
33.25,0.0,8.64,77.15
33.5,0.0,8.64,77.15
33.75,0.0,8.64,77.15
34.0,0.0,8.64,77.15
34.25,0.0,8.64,77.15
34.5,0.0,8.63,77.13
34.75,0.0,8.63,77.13
35.0,0.0,8.63,77.13
35.25,0.0,8.63,77.13
35.5,0.0,8.62,77.11
35.75,0.0,8.62,77.11
36.0,0.0,8.62,77.11
36.25,0.0,8.62,77.11
36.5,0.0,8.62,77.09
36.75,0.0,8.62,77.09
37.0,0.0,8.62,77.09
37.25,0.0,8.62,77.09
37.5,0.0,8.61,77.06
37.75,0.0,8.61,77.06
38.0,0.0,8.61,77.06
38.25,0.0,8.61,77.06
38.5,0.0,8.6,77.04
38.75,0.0,8.6,77.04
39.0,0.0,8.6,77.04
39.25,0.0,8.6,77.04
39.5,0.0,8.6,77.02
39.75,0.0,8.6,77.02
40.0,0.0,8.6,77.02
40.25,0.0,8.6,77.02
40.5,0.0,8.59,77.0
40.75,0.0,8.59,77.0
41.0,0.0,8.59,77.0
41.25,0.0,8.59,77.0
41.5,0.0,8.59,76.98
41.75,0.0,8.59,76.98
42.0,0.0,8.59,76.98
42.25,0.0,8.59,76.98
42.5,0.0,8.58,76.96
42.75,0.0,8.58,76.96
43.0,0.0,8.58,76.96
43.25,0.0,8.58,76.96
43.5,0.0,8.58,76.94
43.75,0.0,8.58,76.94
44.0,0.0,8.58,76.94
44.25,0.0,8.58,76.94
44.5,0.0,8.57,76.92
44.75,0.0,8.57,76.92
45.0,0.0,8.57,76.92
45.25,0.0,8.57,76.92
45.5,0.0,8.56,76.9
45.75,0.0,8.56,76.9
46.0,0.0,8.56,76.9
46.25,0.0,8.56,76.9
46.5,0.0,8.56,76.88
46.75,0.0,8.56,76.88
47.0,0.0,8.56,76.88
47.25,0.0,8.56,76.88
47.5,0.0,8.55,76.86
47.75,0.0,8.55,76.86
48.0,0.0,8.55,76.86
48.25,0.0,8.55,76.86
48.5,0.0,8.54,76.85
48.75,0.0,8.54,76.85
49.0,0.0,8.54,76.85
49.25,0.0,8.54,76.85
49.5,0.0,8.54,76.83
49.75,0.0,8.54,76.83
50.0,0.0,8.54,76.83
50.25,0.0,8.54,76.83
50.5,0.0,8.53,76.81
50.75,0.0,8.53,76.81
51.0,0.0,8.53,76.81
51.25,0.0,8.53,76.81
51.5,0.0,8.53,76.81
51.75,0.0,8.53,76.8
52.0,0.0,8.53,76.8
52.25,0.0,8.53,76.8
52.5,0.0,8.53,76.8
52.75,0.0,8.52,76.78
53.0,0.0,8.52,76.78
53.25,0.0,8.52,76.78
53.5,0.0,8.52,76.78
53.75,0.0,8.52,76.77
54.0,0.0,8.52,76.77
54.25,0.0,8.52,76.77
54.5,0.0,8.52,76.77
54.75,0.0,8.52,76.75
55.0,0.0,8.52,76.75
55.25,0.0,8.52,76.75
55.5,0.0,8.52,76.75
55.75,0.0,8.51,76.74
56.0,0.0,8.51,76.74
56.25,0.0,8.51,76.74
56.5,0.0,8.51,76.74
56.75,0.0,8.5,76.72
57.0,0.0,8.5,76.72
57.25,0.0,8.5,76.72
57.5,0.0,8.5,76.72
57.75,0.0,8.5,76.71
58.0,0.0,8.5,76.71
58.25,0.0,8.5,76.71
58.5,0.0,8.5,76.71
58.75,0.0,8.49,76.7
59.0,0.0,8.49,76.7
59.25,0.0,8.49,76.7
59.5,0.0,8.49,76.7
59.75,0.0,8.49,76.68
60.0,0.0,8.49,76.68
60.25,0.0,8.49,76.68
60.5,0.0,8.49,76.68
60.75,0.0,8.48,76.66
61.0,0.0,8.48,76.66
61.25,0.0,8.48,76.66
61.5,0.0,8.48,76.66
61.75,0.0,8.48,76.65
62.0,0.0,8.48,76.65
62.25,0.0,8.48,76.65
62.5,0.0,8.48,76.65
62.75,0.0,8.47,76.64
63.0,0.0,8.47,76.64
63.25,0.0,8.47,76.64
63.5,0.0,8.47,76.64
63.75,0.0,8.47,76.62
64.0,0.0,8.47,76.62
64.25,0.0,8.47,76.62
64.5,0.0,8.47,76.62
64.75,0.0,8.46,76.61
65.0,0.0,8.46,76.61
65.25,0.0,8.46,76.61
65.5,0.0,8.46,76.61
65.75,0.0,8.46,76.59
66.0,0.0,8.46,76.59
66.25,0.0,8.46,76.59
66.5,0.0,8.46,76.59
66.75,0.0,8.45,76.58
67.0,0.0,8.45,76.58
67.25,0.0,8.45,76.58
67.5,0.0,8.45,76.58
67.75,0.0,8.45,76.58
68.0,0.0,8.45,76.57
68.25,0.0,8.45,76.57
68.5,0.0,8.45,76.57
68.75,0.0,8.45,76.57
69.0,0.0,8.45,76.55
69.25,0.0,8.45,76.55
69.5,0.0,8.45,76.55
69.75,0.0,8.45,76.55
70.0,0.0,8.44,76.54
70.25,0.0,8.44,76.54
70.5,0.0,8.44,76.54
70.75,0.0,8.44,76.54
71.0,0.0,8.43,76.52
71.25,0.0,8.43,76.52
71.5,0.0,8.43,76.52
71.75,0.0,8.43,76.52
72.0,0.0,8.43,76.51
72.25,0.0,8.43,76.51
72.5,0.0,8.43,76.51
72.75,0.0,8.43,76.51
73.0,50.01,8.42,76.5
73.25,50.01,8.42,76.5
73.5,50.01,8.42,76.5
73.75,50.01,8.42,76.5
74.0,50.01,8.42,76.5
74.25,50.01,9.43,75.9
74.5,50.01,9.43,75.9
74.75,50.01,9.43,75.9
75.0,50.01,10.77,74.97
75.25,50.01,10.77,74.97
75.5,50.01,10.77,74.97
75.75,50.01,10.77,74.97
76.0,50.01,10.77,74.97
76.25,50.01,12.2,74.01
76.5,50.01,12.2,74.01
76.75,50.01,12.2,74.01
77.0,50.01,12.2,74.01
77.25,50.01,13.15,73.04
77.5,50.01,13.15,73.04
77.75,50.01,13.15,73.04
78.0,50.01,13.15,73.04
78.25,50.01,14.74,72.06
78.5,50.01,14.74,72.06
78.75,50.01,14.74,72.06
79.0,50.01,14.74,72.06
79.25,50.01,16.14,71.08
79.5,50.01,16.14,71.08
79.75,50.01,16.14,71.08
80.0,50.01,16.14,71.08
80.25,50.01,17.39,70.11
80.5,50.01,17.39,70.11
80.75,50.01,17.39,70.11
81.0,50.01,17.39,70.11
81.25,50.01,18.61,69.15
81.5,50.01,18.61,69.15
81.75,50.01,18.61,69.15
82.0,50.01,18.61,69.15
82.25,50.01,19.56,68.21
82.5,50.01,19.56,68.21
82.75,50.01,19.56,68.21
83.0,50.01,19.56,68.21
83.25,50.01,20.61,67.3
83.5,50.01,20.61,67.3
83.75,50.01,20.61,67.3
84.0,50.01,20.61,67.3
84.25,50.01,21.87,66.19
84.5,50.01,21.87,66.19
84.75,50.01,21.87,66.19
85.0,50.01,21.87,66.19
85.25,50.01,23.09,65.33
85.5,50.01,23.09,65.33
85.75,50.01,23.09,65.33
86.0,50.01,23.09,65.33
86.25,50.01,24.05,64.84
86.5,50.01,24.05,64.84
86.75,50.01,24.05,64.84
87.0,50.01,24.05,64.84
87.25,50.01,25.1,64.92
87.5,50.01,25.1,64.92
87.75,50.01,25.1,64.92
88.0,50.01,25.1,64.92
88.25,50.01,26.22,65.03
88.5,50.01,26.22,65.03
88.75,50.01,26.22,65.03
89.0,50.01,26.22,65.03
89.25,50.01,26.92,65.19
89.5,50.01,26.92,65.19
89.75,50.01,26.92,65.19
90.0,50.01,26.92,65.19
90.25,50.01,28.1,65.35
90.5,50.01,28.1,65.35
90.75,50.01,28.1,65.35
91.0,50.01,28.1,65.35
91.25,50.01,28.1,65.35
91.5,50.01,28.95,65.53
91.75,50.01,28.95,65.53
92.0,50.01,28.95,65.53
92.25,50.01,28.95,65.53
92.5,50.01,29.86,65.71
92.75,50.01,29.86,65.71
93.0,50.01,29.86,65.71
93.25,81.47,30.66,65.88
93.5,81.47,30.66,65.88
93.75,81.47,30.66,65.88
94.0,81.47,30.66,65.88
94.25,81.47,30.66,65.88
94.5,81.47,31.81,65.78
94.75,81.47,31.81,65.78
95.0,81.47,31.81,65.78
95.25,81.47,33.05,65.69
95.5,81.47,33.05,65.69
95.75,81.47,33.05,65.69
96.0,81.47,33.05,65.69
96.25,81.47,33.05,65.69
96.5,81.47,34.14,65.62
96.75,81.47,34.14,65.62
97.0,81.47,34.14,65.62
97.25,81.47,34.14,65.62
97.5,81.47,35.09,65.54
97.75,81.47,35.09,65.54
98.0,81.47,35.09,65.54
98.25,81.47,35.09,65.54
98.5,81.47,36.09,65.47
98.75,81.47,36.09,65.47
99.0,81.47,36.09,65.47
99.25,81.47,36.09,65.47
99.5,81.47,37.16,65.4
99.75,81.47,37.16,65.4
100.0,81.47,37.16,65.4
100.25,81.47,37.16,65.4
100.5,81.47,37.99,65.32
100.75,81.47,37.99,65.32
101.0,81.47,37.99,65.32
101.25,81.47,37.99,65.32
101.5,81.47,38.86,65.26
101.75,81.47,38.86,65.26
102.0,81.47,38.86,65.26
102.25,81.47,38.86,65.26
102.5,81.47,39.72,65.2
102.75,81.47,39.72,65.2
103.0,81.47,39.72,65.2
103.25,81.47,39.72,65.2
103.5,81.47,40.45,65.15
103.75,81.47,40.45,65.15
104.0,81.47,40.45,65.15
104.25,81.47,40.45,65.15
104.5,81.47,40.45,65.15
104.75,81.47,41.23,65.1
105.0,81.47,41.23,65.1
105.25,81.47,41.23,65.1
105.5,81.47,41.23,65.1
105.75,81.47,41.98,65.05
106.0,81.47,41.98,65.05
106.25,81.47,41.98,65.05
106.5,81.47,41.98,65.05
106.75,81.47,42.7,65.24
107.0,81.47,42.7,65.24
107.25,81.47,42.7,65.24
107.5,81.47,42.7,65.24
107.75,81.47,43.39,65.45
108.0,81.47,43.39,65.45
108.25,81.47,43.39,65.45
108.5,81.47,43.39,65.45
108.75,81.47,43.97,65.63
109.0,81.47,43.97,65.63
109.25,81.47,43.97,65.63
109.5,81.47,43.97,65.63
109.75,81.47,44.55,65.81
110.0,81.47,44.55,65.81
110.25,81.47,44.55,65.81
110.5,81.47,44.55,65.81
110.75,81.47,45.22,65.98
111.0,81.47,45.22,65.98
111.25,81.47,45.22,65.98
111.5,81.47,45.22,65.98
111.75,81.47,45.85,66.14
112.0,81.47,45.85,66.14
112.25,81.47,45.85,66.14
112.5,81.47,45.85,66.14
112.75,81.47,46.29,66.33
113.0,81.47,46.29,66.33
113.25,81.47,46.29,66.33
113.5,81.47,46.29,66.33
113.75,81.47,46.87,66.48
114.0,81.47,46.87,66.48
114.25,81.47,46.87,66.48
114.5,81.47,46.87,66.48
114.75,81.47,47.28,66.63
115.0,81.47,47.28,66.63
115.25,81.47,47.28,66.63
115.5,81.47,47.28,66.63
115.75,81.47,47.81,66.78
116.0,81.47,47.81,66.78
116.25,81.47,47.81,66.78
116.5,81.47,47.81,66.78
116.75,81.47,48.28,66.93
117.0,81.47,48.28,66.93
117.25,81.47,48.28,66.93
117.5,81.47,48.28,66.93
117.75,81.47,48.68,67.06
118.0,81.47,48.68,67.06
118.25,81.47,48.68,67.06
118.5,81.47,48.68,67.06
118.75,81.47,49.1,67.19
119.0,81.47,49.1,67.19
119.25,81.47,49.1,67.19
119.5,81.47,49.1,67.19
119.75,81.47,49.1,67.19
120.0,81.47,49.5,67.32
120.25,81.47,49.5,67.32
120.5,81.47,49.5,67.32
120.75,81.47,49.77,67.44
121.0,81.47,49.77,67.44
121.25,81.47,49.77,67.44
121.5,81.47,49.77,67.44
121.75,81.47,49.77,67.44
122.0,81.47,50.14,67.56
122.25,81.47,50.14,67.56
122.5,81.47,50.14,67.56
122.75,81.47,50.14,67.56
123.0,81.47,50.63,67.67
123.25,81.47,50.63,67.67
123.5,81.47,50.63,67.67
123.75,81.47,50.63,67.67
124.0,81.47,50.93,67.78
124.25,81.47,50.93,67.78
124.5,81.47,50.93,67.78
124.75,81.47,50.93,67.78
125.0,81.47,51.26,67.89
125.25,81.47,51.26,67.89
125.5,81.47,51.26,67.89
125.75,81.47,51.26,67.89
126.0,81.47,51.53,68.02
126.25,81.47,51.53,68.02
126.5,81.47,51.53,68.02
126.75,81.47,51.53,68.02
127.0,81.47,51.79,68.11
127.25,81.47,51.79,68.11
127.5,81.47,51.79,68.11
127.75,81.47,51.79,68.11
128.0,81.47,52.1,68.2
128.25,81.47,52.1,68.2
128.5,81.47,52.1,68.2
128.75,81.47,52.1,68.2
129.0,81.47,52.34,68.29
129.25,81.47,52.34,68.29
129.5,81.47,52.34,68.29
129.75,81.47,52.34,68.29
130.0,81.47,52.6,68.37
130.25,81.47,52.6,68.37
130.5,81.47,52.6,68.37
130.75,81.47,52.6,68.37
131.0,81.47,52.83,68.46
131.25,81.47,52.83,68.46
131.5,81.47,52.83,68.46
131.75,81.47,52.83,68.46
132.0,81.47,53.09,68.54
132.25,81.47,53.09,68.54
132.5,81.47,53.09,68.54
132.75,81.47,53.09,68.54
133.0,81.47,53.09,68.54
133.25,81.47,53.31,68.62
133.5,81.47,53.31,68.62
133.75,81.47,53.31,68.62
134.0,81.47,53.31,68.62
134.25,81.47,53.52,68.69
134.5,81.47,53.52,68.69
134.75,81.47,53.52,68.69
135.0,81.47,53.52,68.69
135.25,81.47,53.7,68.76
135.5,81.47,53.7,68.76
135.75,81.47,53.7,68.76
136.0,81.47,53.88,68.83
136.25,81.47,53.88,68.83
136.5,81.47,53.88,68.83
136.75,81.47,53.88,68.83
137.0,81.47,53.88,68.83
137.25,81.47,54.03,68.9
137.5,81.47,54.03,68.9
137.75,81.47,54.03,68.9
138.0,81.47,54.03,68.9
138.25,81.47,54.23,68.96
138.5,81.47,54.23,68.96
138.75,81.47,54.23,68.96
139.0,81.47,54.23,68.96
139.25,81.47,54.38,69.02
139.5,81.47,54.38,69.02
139.75,81.47,54.38,69.02
140.0,81.47,54.38,69.02
140.25,81.47,54.48,69.08
140.5,81.47,54.48,69.08
140.75,81.47,54.48,69.08
141.0,81.47,54.48,69.08
141.25,81.47,54.65,69.15
141.5,81.47,54.65,69.15
141.75,81.47,54.65,69.15
142.0,81.47,54.65,69.15
142.25,81.47,54.83,69.2
142.5,81.47,54.83,69.2
142.75,81.47,54.83,69.2
143.0,81.47,54.83,69.2
143.25,81.47,54.97,69.25
143.5,81.47,54.97,69.25
143.75,81.47,54.97,69.25
144.0,81.47,54.97,69.25
144.25,81.47,54.97,69.25
144.5,81.47,55.09,69.29
144.75,81.47,55.09,69.29
145.0,81.47,55.09,69.29
145.25,81.47,55.09,69.29
145.5,81.47,55.22,69.33
145.75,81.47,55.22,69.33
146.0,81.47,55.22,69.33
146.25,81.47,55.22,69.33
146.5,81.47,55.33,69.37
146.75,81.47,55.33,69.37
147.0,81.47,55.33,69.37
147.25,81.47,55.33,69.37
147.5,81.47,55.44,69.41
147.75,81.47,55.44,69.41
148.0,81.47,55.44,69.41
148.25,81.47,55.44,69.41
148.5,81.47,55.55,69.45
148.75,81.47,55.55,69.45
149.0,81.47,55.55,69.45
149.25,81.47,55.55,69.45
149.5,81.47,55.65,69.49
149.75,81.47,55.65,69.49
150.0,81.47,55.65,69.49
150.25,81.47,55.65,69.49
150.5,81.47,55.75,69.52
150.75,81.47,55.75,69.52
151.0,81.47,55.75,69.52
151.25,81.47,55.75,69.52
151.5,81.47,55.82,69.54
151.75,81.47,55.82,69.54
152.0,81.47,55.82,69.54
152.25,81.47,55.82,69.54
152.5,81.47,55.9,69.58
152.75,81.47,55.9,69.58
153.0,81.47,55.9,69.58
153.25,81.47,55.9,69.58
153.5,81.47,55.98,69.61
153.75,81.47,55.98,69.61
154.0,81.47,55.98,69.61
154.25,81.47,55.98,69.61
154.5,81.47,56.07,69.63
154.75,81.47,56.07,69.63
155.0,81.47,56.07,69.63
155.25,81.47,56.07,69.63
155.5,81.47,56.13,69.65
155.75,81.47,56.13,69.65
156.0,81.47,56.13,69.65
156.25,81.47,56.13,69.65
156.5,81.47,56.19,69.67
156.75,81.47,56.19,69.67
157.0,81.47,56.19,69.67
157.25,81.47,56.19,69.67
157.5,81.47,56.19,69.67
157.75,81.47,56.25,69.69
158.0,81.47,56.25,69.69
158.25,81.47,56.25,69.69
158.5,81.47,56.32,69.71
158.75,81.47,56.32,69.71
159.0,81.47,56.32,69.71
159.25,81.47,56.32,69.71
159.5,81.47,56.32,69.71
159.75,81.47,56.38,69.73
160.0,81.47,56.38,69.73
160.25,81.47,56.38,69.73
160.5,81.47,56.38,69.73
160.75,81.47,56.43,69.74
161.0,81.47,56.43,69.74
161.25,81.47,56.43,69.74
161.5,81.47,56.43,69.74
161.75,81.47,56.49,69.75
162.0,81.47,56.49,69.75
162.25,81.47,56.49,69.75
162.5,81.47,56.49,69.75
162.75,81.47,56.52,69.76
163.0,81.47,56.52,69.76
163.25,81.47,56.52,69.76
163.5,81.47,56.52,69.76
163.75,81.47,56.57,69.77
164.0,81.47,56.57,69.77
164.25,81.47,56.57,69.77
164.5,81.47,56.57,69.77
164.75,81.47,56.6,69.78
165.0,81.47,56.6,69.78
165.25,81.47,56.6,69.78
165.5,81.47,56.6,69.78
165.75,81.47,56.65,69.79
166.0,81.47,56.65,69.79
166.25,81.47,56.65,69.79
166.5,81.47,56.65,69.79
166.75,81.47,56.68,69.79
167.0,81.47,56.68,69.79
167.25,81.47,56.68,69.79
167.5,81.47,56.68,69.79
167.75,81.47,56.72,69.79
168.0,81.47,56.72,69.79
168.25,81.47,56.72,69.79
168.5,81.47,56.72,69.79
168.75,81.47,56.75,69.79
169.0,81.47,56.75,69.79
169.25,81.47,56.75,69.79
169.5,81.47,56.75,69.79
169.75,81.47,56.75,69.79
170.0,81.47,56.77,69.79
170.25,81.47,56.77,69.79
170.5,81.47,56.77,69.79
170.75,81.47,56.77,69.79
171.0,81.47,56.8,69.79
171.25,81.47,56.8,69.79
171.5,81.47,56.8,69.79
171.75,81.47,56.8,69.79
172.0,81.47,56.82,69.79
172.25,81.47,56.82,69.79
172.5,81.47,56.82,69.79
172.75,81.47,56.82,69.79
173.0,81.47,56.84,69.78
173.25,81.47,56.84,69.78
173.5,81.47,56.84,69.78
173.75,81.47,56.84,69.78
174.0,81.47,56.85,69.78
174.25,81.47,56.85,69.78
174.5,81.47,56.85,69.78
174.75,81.47,56.85,69.78
175.0,81.47,56.87,69.77
175.25,81.47,56.87,69.77
175.5,81.47,56.87,69.77
175.75,81.47,56.87,69.77
176.0,81.47,56.9,69.77
176.25,81.47,56.9,69.77
176.5,81.47,56.9,69.77
176.75,81.47,56.9,69.77
177.0,81.47,56.91,69.76
177.25,81.47,56.91,69.76
177.5,81.47,56.91,69.76
177.75,81.47,56.91,69.76
178.0,81.47,56.91,69.76
178.25,81.47,56.91,69.75
178.5,81.47,56.91,69.75
178.75,81.47,56.91,69.75
179.0,81.47,56.91,69.75
179.25,81.47,56.92,69.73
179.5,81.47,56.92,69.73
179.75,81.47,56.92,69.73
180.0,81.47,56.92,69.73
180.25,81.47,56.93,69.72
180.5,81.47,56.93,69.72
180.75,81.47,56.93,69.72
181.0,81.47,56.93,69.72
181.25,81.47,56.94,69.71
181.5,81.47,56.94,69.71
181.75,81.47,56.94,69.71
182.0,81.47,56.94,69.71
182.25,81.47,56.94,69.7
182.5,81.47,56.94,69.7
182.75,81.47,56.94,69.7
183.0,81.47,56.94,69.7
183.25,81.47,56.94,69.68
183.5,81.47,56.94,69.68
183.75,81.47,56.94,69.68
184.0,81.47,56.94,69.68
184.25,81.47,56.95,69.67
184.5,81.47,56.95,69.67
184.75,81.47,56.95,69.67
185.0,81.47,56.95,69.67
185.25,81.47,56.95,69.65
185.5,81.47,56.95,69.65
185.75,81.47,56.95,69.65
186.0,81.47,56.95,69.65
186.25,81.47,56.96,69.63
186.5,81.47,56.96,69.63
186.75,81.47,56.96,69.63
187.0,81.47,56.96,69.63
187.25,81.47,56.95,69.61
187.5,81.47,56.95,69.61
187.75,81.47,56.95,69.61
188.0,81.47,56.95,69.61
188.25,81.47,56.95,69.59
188.5,81.47,56.95,69.59
188.75,81.47,56.95,69.59
189.0,81.47,56.95,69.59
189.25,81.47,56.94,69.57
189.5,81.47,56.94,69.57
189.75,81.47,56.94,69.57
190.0,81.47,56.94,69.57
190.25,81.47,56.93,69.55
190.5,81.47,56.93,69.55
190.75,81.47,56.93,69.55
191.0,81.47,56.93,69.55
191.25,81.47,56.94,69.53
191.5,81.47,56.94,69.53
191.75,81.47,56.94,69.53
192.0,81.47,56.94,69.53
192.25,81.47,56.93,69.51
192.5,81.47,56.93,69.51
192.75,81.47,56.93,69.51
193.0,81.47,56.93,69.51
193.25,81.47,56.93,69.49
193.5,81.47,56.93,69.49
193.75,81.47,56.93,69.49
194.0,81.47,56.93,69.49
194.25,81.47,56.93,69.49
194.5,81.47,56.92,69.46
194.75,81.47,56.92,69.46
195.0,81.47,56.92,69.46
195.25,81.47,56.92,69.46
195.5,81.47,56.91,69.44
195.75,81.47,56.91,69.44
196.0,81.47,56.91,69.44
196.25,81.47,56.91,69.44
196.5,81.47,56.89,69.42
196.75,81.47,56.89,69.42
197.0,81.47,56.89,69.42
197.25,81.47,56.89,69.42
197.5,81.47,56.87,69.39
197.75,81.47,56.87,69.39
198.0,81.47,56.87,69.39
198.25,81.47,56.87,69.39
198.5,81.47,56.87,69.36
198.75,81.47,56.87,69.36
199.0,81.47,56.87,69.36
199.25,81.47,56.87,69.36
199.5,81.47,56.86,69.34
199.75,81.47,56.86,69.34
200.0,81.47,56.86,69.34
200.25,81.47,56.86,69.34
200.5,81.47,56.85,69.32
200.75,81.47,56.85,69.32
201.0,81.47,56.85,69.32
201.25,81.47,56.85,69.32
201.5,81.47,56.85,69.32
201.75,81.47,56.82,69.29
202.0,81.47,56.82,69.29
202.25,81.47,56.82,69.29
202.5,81.47,56.82,69.29
202.75,81.47,56.81,69.26
203.0,81.47,56.81,69.26
203.25,81.47,56.81,69.26
203.5,81.47,56.81,69.26
203.75,81.47,56.79,69.24
204.0,81.47,56.79,69.24
204.25,81.47,56.79,69.24
204.5,81.47,56.79,69.24
204.75,81.47,56.78,69.21
205.0,81.47,56.78,69.21
205.25,81.47,56.78,69.21
205.5,81.47,56.78,69.21
205.75,81.47,56.77,69.18
206.0,81.47,56.77,69.18
206.25,81.47,56.77,69.18
206.5,81.47,56.77,69.18
206.75,81.47,56.75,69.16
207.0,81.47,56.75,69.16
207.25,81.47,56.75,69.16
207.5,81.47,56.75,69.16
207.75,81.47,56.73,69.13
208.0,81.47,56.73,69.13
208.25,81.47,56.73,69.13
208.5,81.47,56.73,69.13
208.75,81.47,56.71,69.1
209.0,81.47,56.71,69.1
209.25,81.47,56.71,69.1
209.5,81.47,56.71,69.1
209.75,81.47,56.7,69.08
210.0,81.47,56.7,69.08
210.25,81.47,56.7,69.08
210.5,81.47,56.7,69.08
210.75,81.47,56.69,69.05
211.0,81.47,56.69,69.05
211.25,81.47,56.69,69.05
211.5,81.47,56.69,69.05
211.75,81.47,56.66,69.03
212.0,81.47,56.66,69.03
212.25,81.47,56.66,69.03
212.5,81.47,56.66,69.03
212.75,81.47,56.68,69.02
213.0,81.47,56.68,69.02
213.25,81.47,56.68,69.02
213.5,81.47,56.68,69.02
213.75,90.58,56.69,69.02
214.0,90.58,56.69,69.02
214.25,90.58,56.69,69.02
214.5,90.58,56.69,69.02
214.75,90.58,56.77,69.03
215.0,90.58,56.77,69.03
215.25,90.58,56.77,69.03
215.5,90.58,56.77,69.03
215.75,90.58,56.85,69.06
216.0,90.58,56.85,69.06
216.25,90.58,56.85,69.06
216.5,90.58,56.85,69.06
216.75,90.58,56.93,69.11
217.0,90.58,56.93,69.11
217.25,90.58,56.93,69.11
217.5,90.58,56.93,69.11
217.75,90.58,57.02,69.16
218.0,90.58,57.02,69.16
218.25,90.58,57.02,69.16
218.5,90.58,57.02,69.16
218.75,90.58,57.12,69.23
219.0,90.58,57.12,69.23
219.25,90.58,57.12,69.23
219.5,90.58,57.12,69.23
219.75,90.58,57.12,69.23
220.0,90.58,57.2,69.31
220.25,90.58,57.2,69.31
220.5,90.58,57.2,69.31
220.75,90.58,57.2,69.31
221.0,90.58,57.26,69.39
221.25,90.58,57.26,69.39
221.5,90.58,57.26,69.39
221.75,90.58,57.26,69.39
222.0,90.58,57.33,69.48
222.25,90.58,57.33,69.48
222.5,90.58,57.33,69.48
222.75,90.58,57.33,69.48
223.0,90.58,57.4,69.57
223.25,90.58,57.4,69.57
223.5,90.58,57.4,69.57
223.75,90.58,57.4,69.57
224.0,90.58,57.46,69.67
224.25,90.58,57.46,69.67
224.5,90.58,57.46,69.67
224.75,90.58,57.46,69.67
225.0,90.58,57.52,69.78
225.25,90.58,57.52,69.78
225.5,90.58,57.52,69.78
225.75,90.58,57.52,69.78
226.0,90.58,57.58,69.88
226.25,90.58,57.58,69.88
226.5,90.58,57.58,69.88
226.75,90.58,57.58,69.88
227.0,90.58,57.63,69.96
227.25,90.58,57.63,69.96
227.5,90.58,57.63,69.96
227.75,90.58,57.63,69.96
228.0,90.58,57.7,70.03
228.25,90.58,57.7,70.03
228.5,90.58,57.7,70.03
228.75,90.58,57.7,70.03
229.0,90.58,57.7,70.03
229.25,90.58,57.74,70.09
229.5,90.58,57.74,70.09
229.75,90.58,57.74,70.09
230.0,90.58,57.74,70.09
230.25,90.58,57.79,70.15
230.5,90.58,57.79,70.15
230.75,90.58,57.79,70.15
231.0,90.58,57.79,70.15
231.25,90.58,57.84,70.19
231.5,90.58,57.84,70.19
231.75,90.58,57.84,70.19
232.0,90.58,57.84,70.19
232.25,90.58,57.88,70.23
232.5,90.58,57.88,70.23
232.75,90.58,57.88,70.23
233.0,90.58,57.88,70.23
233.25,90.58,57.91,70.27
233.5,90.58,57.91,70.27
233.75,90.58,57.91,70.27
234.0,90.58,57.91,70.27
234.25,90.58,57.94,70.31
234.5,90.58,57.94,70.31
234.75,90.58,57.94,70.31
235.0,90.58,57.94,70.31
235.25,90.58,57.99,70.34
235.5,90.58,57.99,70.34
235.75,90.58,57.99,70.34
236.0,90.58,57.99,70.34
236.25,90.58,58.01,70.36
236.5,90.58,58.01,70.36
236.75,90.58,58.01,70.36
237.0,90.58,58.01,70.36
237.25,90.58,58.04,70.38
237.5,90.58,58.04,70.38
237.75,90.58,58.04,70.38
238.0,90.58,58.04,70.38
238.25,90.58,58.06,70.39
238.5,90.58,58.06,70.39
238.75,90.58,58.06,70.39
239.0,90.58,58.06,70.39
239.25,90.58,58.06,70.39
239.5,90.58,58.08,70.4
239.75,90.58,58.08,70.4
240.0,90.58,58.08,70.4
240.25,90.58,58.08,70.4
240.5,90.58,58.09,70.41
240.75,90.58,58.09,70.41
241.0,90.58,58.09,70.41
241.25,90.58,58.09,70.41
241.5,90.58,58.11,70.41
241.75,90.58,58.11,70.41
242.0,90.58,58.11,70.41
242.25,90.58,58.11,70.41
242.5,90.58,58.11,70.41
242.75,90.58,58.11,70.41
243.0,90.58,58.11,70.41
243.25,90.58,58.11,70.41
243.5,90.58,58.12,70.4
243.75,90.58,58.12,70.4
244.0,90.58,58.12,70.4
244.25,90.58,58.12,70.4
244.5,90.58,58.12,70.38
244.75,90.58,58.12,70.38
245.0,90.58,58.12,70.38
245.25,90.58,58.12,70.38
245.5,90.58,58.11,70.36
245.75,90.58,58.11,70.36
246.0,90.58,58.11,70.36
246.25,90.58,58.11,70.36
246.5,90.58,58.1,70.35
246.75,90.58,58.1,70.35
247.0,90.58,58.1,70.35
247.25,90.58,58.1,70.35
247.5,90.58,58.12,70.32
247.75,90.58,58.12,70.32
248.0,90.58,58.12,70.32
248.25,90.58,58.12,70.32
248.5,90.58,58.12,70.3
248.75,90.58,58.12,70.3
249.0,90.58,58.12,70.3
249.25,90.58,58.12,70.3
249.5,90.58,58.1,70.28
249.75,90.58,58.1,70.28
250.0,90.58,58.1,70.28
250.25,90.58,58.1,70.28
250.5,90.58,58.1,70.28
250.75,90.58,58.09,70.25
251.0,90.58,58.09,70.25
251.25,90.58,58.09,70.25
251.5,90.58,58.1,70.23
251.75,90.58,58.1,70.23
252.0,90.58,58.1,70.23
252.25,90.58,58.1,70.23
252.5,90.58,58.08,70.2
252.75,90.58,58.08,70.2
253.0,90.58,58.08,70.2
253.25,90.58,58.08,70.2
253.5,90.58,58.09,70.18
253.75,90.58,58.09,70.18
254.0,90.58,58.09,70.18
254.25,90.58,58.09,70.18
254.5,90.58,58.07,70.16
254.75,90.58,58.07,70.16
255.0,90.58,58.07,70.16
255.25,90.58,58.07,70.16
255.5,90.58,58.07,70.16
255.75,90.58,58.06,70.13
256.0,90.58,58.06,70.13
256.25,90.58,58.06,70.13
256.5,90.58,58.06,70.13
256.75,90.58,58.05,70.11
257.0,90.58,58.05,70.11
257.25,90.58,58.05,70.11
257.5,90.58,58.05,70.11
257.75,90.58,58.05,70.09
258.0,90.58,58.05,70.09
258.25,90.58,58.05,70.09
258.5,90.58,58.05,70.09
258.75,90.58,58.03,70.07
259.0,90.58,58.03,70.07
259.25,90.58,58.03,70.07
259.5,90.58,58.03,70.07
259.75,90.58,58.02,70.05
260.0,90.58,58.02,70.05
260.25,90.58,58.02,70.05
260.5,90.58,58.02,70.05
260.75,90.58,58.01,70.02
261.0,90.58,58.01,70.02
261.25,90.58,58.01,70.02
261.5,90.58,58.01,70.02
261.75,90.58,57.99,70.0
262.0,90.58,57.99,70.0
262.25,90.58,57.99,70.0
262.5,90.58,57.99,70.0
262.75,90.58,57.98,69.97
263.0,90.58,57.98,69.97
263.25,90.58,57.98,69.97
263.5,90.58,57.98,69.97
263.75,90.58,57.96,69.95
264.0,90.58,57.96,69.95
264.25,90.58,57.96,69.95
264.5,90.58,57.96,69.95
264.75,90.58,57.95,69.92
265.0,90.58,57.95,69.92
265.25,90.58,57.95,69.92
265.5,90.58,57.95,69.92
265.75,90.58,57.95,69.92
266.0,90.58,57.93,69.9
266.25,90.58,57.93,69.9
266.5,90.58,57.93,69.9
266.75,90.58,57.93,69.9
267.0,90.58,57.92,69.88
267.25,90.58,57.92,69.88
267.5,90.58,57.92,69.88
267.75,90.58,57.92,69.88
268.0,90.58,57.9,69.85
268.25,90.58,57.9,69.85
268.5,90.58,57.9,69.85
268.75,90.58,57.9,69.85
269.0,90.58,57.89,69.82
269.25,90.58,57.89,69.82
269.5,90.58,57.89,69.82
269.75,90.58,57.89,69.82
270.0,90.58,57.87,69.8
270.25,90.58,57.87,69.8
270.5,90.58,57.87,69.8
270.75,90.58,57.87,69.8
271.0,90.58,57.85,69.78
271.25,90.58,57.85,69.78
271.5,90.58,57.85,69.78
271.75,90.58,57.85,69.78
272.0,90.58,57.84,69.75
272.25,90.58,57.84,69.75
272.5,90.58,57.84,69.75
272.75,90.58,57.84,69.75
273.0,90.58,57.84,69.75
273.25,90.58,57.82,69.72
273.5,90.58,57.82,69.72
273.75,90.58,57.82,69.72
274.0,90.58,57.82,69.72
274.25,90.58,57.81,69.7
274.5,90.58,57.81,69.7
274.75,90.58,57.81,69.7
275.0,90.58,57.81,69.7
275.25,90.58,57.78,69.67
275.5,90.58,57.78,69.67
275.75,90.58,57.78,69.67
276.0,90.58,57.78,69.67
276.25,90.58,57.76,69.65
276.5,90.58,57.76,69.65
276.75,90.58,57.76,69.65
277.0,90.58,57.76,69.65
277.25,90.58,57.74,69.62
277.5,90.58,57.74,69.62
277.75,90.58,57.74,69.62
278.0,90.58,57.74,69.62
278.25,90.58,57.73,69.6
278.5,90.58,57.73,69.6
278.75,90.58,57.73,69.6
279.0,90.58,57.73,69.6
279.25,90.58,57.71,69.57
279.5,90.58,57.71,69.57
279.75,90.58,57.71,69.57
280.0,90.58,57.71,69.57
280.25,90.58,57.68,69.55
280.5,90.58,57.68,69.55
280.75,90.58,57.68,69.55
281.0,90.58,57.68,69.55
281.25,90.58,57.66,69.52
281.5,90.58,57.66,69.52
281.75,90.58,57.66,69.52
282.0,90.58,57.66,69.52
282.25,90.58,57.65,69.5
282.5,90.58,57.65,69.5
282.75,90.58,57.65,69.5
283.0,90.58,57.65,69.5
283.25,90.58,57.62,69.47
283.5,90.58,57.62,69.47
283.75,90.58,57.62,69.47
284.0,90.58,57.62,69.47
284.25,90.58,57.6,69.43
284.5,90.58,57.6,69.43
284.75,90.58,57.6,69.43
285.0,90.58,57.6,69.43
285.25,90.58,57.58,69.41
285.5,90.58,57.58,69.41
285.75,90.58,57.58,69.41
286.0,90.58,57.58,69.41
286.25,90.58,57.58,69.41
286.5,90.58,57.56,69.38
286.75,90.58,57.56,69.38
287.0,90.58,57.56,69.38
287.25,90.58,57.56,69.38
287.5,90.58,57.55,69.36
287.75,90.58,57.55,69.36
288.0,90.58,57.55,69.36
288.25,90.58,57.55,69.36
288.5,90.58,57.52,69.33
288.75,90.58,57.52,69.33
289.0,90.58,57.52,69.33
289.25,90.58,57.52,69.33
289.5,90.58,57.5,69.31
289.75,90.58,57.5,69.31
290.0,90.58,57.5,69.31
290.25,90.58,57.5,69.31
290.5,90.58,57.49,69.28
290.75,90.58,57.49,69.28
291.0,90.58,57.49,69.28
291.25,90.58,57.49,69.28
291.5,90.58,57.47,69.26
291.75,90.58,57.47,69.26
292.0,90.58,57.47,69.26
292.25,90.58,57.47,69.26
292.5,90.58,57.45,69.24
292.75,90.58,57.45,69.24
293.0,90.58,57.45,69.24
293.25,90.58,57.45,69.24
293.5,90.58,57.43,69.22
293.75,90.58,57.43,69.22
294.0,90.58,57.43,69.22
294.25,90.58,57.43,69.22
294.5,90.58,57.41,69.2
294.75,90.58,57.41,69.2
295.0,90.58,57.41,69.2
295.25,90.58,57.41,69.2
295.5,90.58,57.39,69.18
295.75,90.58,57.39,69.18
296.0,90.58,57.39,69.18
296.25,90.58,57.39,69.18
296.5,90.58,57.38,69.15
296.75,90.58,57.38,69.15
297.0,90.58,57.38,69.15
297.25,90.58,57.38,69.15
297.5,90.58,57.35,69.14
297.75,90.58,57.35,69.14
298.0,90.58,57.35,69.14
298.25,90.58,57.35,69.14
298.5,90.58,57.35,69.12
298.75,90.58,57.35,69.12
299.0,90.58,57.35,69.12
299.25,90.58,57.35,69.12
299.5,90.58,57.34,69.11
299.75,90.58,57.34,69.11
300.0,90.58,57.34,69.11
300.25,90.58,57.34,69.11
300.5,90.58,57.32,69.09
300.75,90.58,57.32,69.09
301.0,90.58,57.32,69.09
301.25,90.58,57.32,69.09
301.5,90.58,57.32,69.09
301.75,90.58,57.3,69.08
302.0,90.58,57.3,69.08
302.25,90.58,57.3,69.08
302.5,90.58,57.3,69.06
302.75,90.58,57.29,69.06
303.0,90.58,57.29,69.06
303.25,90.58,57.29,69.06
303.5,90.58,57.29,69.06
303.75,90.58,57.27,69.05
304.0,90.58,57.27,69.05
304.25,90.58,57.27,69.05
304.5,90.58,57.27,69.05
304.75,90.58,57.26,69.03
305.0,90.58,57.26,69.03
305.25,90.58,57.26,69.03
305.5,90.58,57.26,69.03
305.75,90.58,57.25,69.02
306.0,90.58,57.25,69.02
306.25,90.58,57.25,69.02
306.5,90.58,57.25,69.02
306.75,90.58,57.23,69.0
307.0,90.58,57.23,69.0
307.25,90.58,57.23,69.0
307.5,90.58,57.23,69.0
307.75,90.58,57.22,68.99
308.0,90.58,57.22,68.99
308.25,90.58,57.22,68.99
308.5,90.58,57.22,68.99
308.75,90.58,57.21,68.97
309.0,90.58,57.21,68.97
309.25,90.58,57.21,68.97
309.5,90.58,57.21,68.97
309.75,90.58,57.19,68.95
310.0,90.58,57.19,68.95
310.25,90.58,57.19,68.95
310.5,90.58,57.19,68.95
310.75,90.58,57.17,68.93
311.0,90.58,57.17,68.93
311.25,90.58,57.17,68.93
311.5,90.58,57.17,68.93
311.75,90.58,57.16,68.92
312.0,90.58,57.16,68.92
312.25,90.58,57.16,68.92
312.5,90.58,57.16,68.92
312.75,90.58,57.15,68.91
313.0,90.58,57.15,68.91
313.25,90.58,57.15,68.91
313.5,90.58,57.15,68.91
313.75,90.58,57.13,68.89
314.0,90.58,57.13,68.89
314.25,90.58,57.13,68.89
314.5,90.58,57.13,68.89
314.75,90.58,57.13,68.89
315.0,90.58,57.13,68.88
315.25,90.58,57.13,68.88
315.5,90.58,57.13,68.88
315.75,90.58,57.13,68.88
316.0,90.58,57.11,68.86
316.25,90.58,57.11,68.86
316.5,90.58,57.11,68.86
316.75,90.58,57.11,68.86
317.0,90.58,57.09,68.84
317.25,90.58,57.09,68.84
317.5,90.58,57.09,68.84
317.75,90.58,57.09,68.84
318.0,90.58,57.07,68.83
318.25,90.58,57.07,68.83
318.5,90.58,57.07,68.83
318.75,90.58,57.07,68.83
319.0,90.58,57.07,68.81
319.25,90.58,57.07,68.81
319.5,90.58,57.07,68.81
319.75,90.58,57.07,68.81
320.0,90.58,57.05,68.8
320.25,90.58,57.05,68.8
320.5,90.58,57.05,68.8
320.75,90.58,57.05,68.8
321.0,90.58,57.05,68.79
321.25,90.58,57.05,68.79
321.5,90.58,57.05,68.79
321.75,90.58,57.05,68.79
322.0,90.58,57.06,68.79
322.25,90.58,57.06,68.79
322.5,90.58,57.06,68.79
322.75,90.58,57.06,68.79
323.0,90.58,57.07,68.8
323.25,90.58,57.07,68.8
323.5,90.58,57.07,68.8
323.75,90.58,57.07,68.8
324.0,90.58,57.09,68.83
324.25,90.58,57.09,68.83
324.5,90.58,57.09,68.83
324.75,90.58,57.09,68.83
325.0,90.58,57.11,68.87
325.25,90.58,57.11,68.87
325.5,90.58,57.11,68.87
325.75,90.58,57.11,68.87
326.0,90.58,57.16,68.92
326.25,90.58,57.16,68.92
326.5,90.58,57.16,68.92
326.75,90.58,57.16,68.92
327.0,90.58,57.16,68.98
327.25,90.58,57.23,68.98
327.5,90.58,57.23,68.98
327.75,90.58,57.23,68.98
328.0,90.58,57.23,69.05
328.25,90.58,57.29,69.05
328.5,90.58,57.29,69.05
328.75,90.58,57.29,69.05
329.0,90.58,57.29,69.05
329.25,90.58,57.36,69.14
329.5,90.58,57.36,69.14
329.75,90.58,57.36,69.14
330.0,90.58,57.36,69.14
330.25,90.58,57.4,69.24
330.5,90.58,57.4,69.24
330.75,90.58,57.4,69.24
331.0,90.58,57.4,69.24
331.25,90.58,57.48,69.35
331.5,90.58,57.48,69.35
331.75,90.58,57.48,69.35
332.0,90.58,57.48,69.35
332.25,90.58,57.54,69.46
332.5,90.58,57.54,69.46
332.75,90.58,57.54,69.46
333.0,12.7,57.54,69.58
333.25,12.7,57.59,69.58
333.5,12.7,57.59,69.58
333.75,12.7,57.59,69.58
334.0,12.7,57.59,69.58
334.25,12.7,56.99,69.99
334.5,12.7,56.99,69.99
334.75,12.7,56.99,69.99
335.0,12.7,56.99,69.99
335.25,12.7,56.22,70.6
335.5,12.7,56.22,70.6
335.75,12.7,56.22,70.6
336.0,12.7,56.22,70.6
336.25,12.7,55.56,71.18
336.5,12.7,55.56,71.18
336.75,12.7,55.56,71.18
337.0,12.7,55.56,71.18
337.25,12.7,54.88,71.75
337.5,12.7,54.88,71.75
337.75,12.7,54.88,71.75
338.0,12.7,54.88,71.75
338.25,12.7,54.88,72.44
338.5,12.7,54.28,72.44
338.75,12.7,54.28,72.44
339.0,12.7,54.28,72.44
339.25,12.7,54.28,72.97
339.5,12.7,53.62,72.97
339.75,12.7,53.62,72.97
340.0,12.7,53.62,72.97
340.25,12.7,53.62,73.48
340.5,12.7,53.04,73.48
340.75,12.7,53.04,73.48
341.0,12.7,53.04,73.48
341.25,12.7,53.04,73.48
341.5,12.7,52.5,73.98
341.75,12.7,52.5,73.98
342.0,12.7,52.5,73.98
342.25,12.7,52.5,74.47
342.5,12.7,51.98,74.47
342.75,12.7,51.98,74.47
343.0,12.7,51.98,74.47
343.25,12.7,51.98,74.93
343.5,12.7,51.49,74.93
343.75,12.7,51.49,74.93
344.0,12.7,51.49,74.93
344.25,12.7,51.49,74.93
344.5,12.7,51.02,75.39
344.75,12.7,51.02,75.39
345.0,12.7,51.02,75.39
345.25,12.7,51.02,75.39
345.5,12.7,50.57,75.82
345.75,12.7,50.57,75.82
346.0,12.7,50.57,75.82
346.25,12.7,50.57,75.82
346.5,12.7,50.18,76.07
346.75,12.7,50.18,76.07
347.0,12.7,50.18,76.07
347.25,12.7,50.18,76.07
347.5,12.7,49.77,75.98
347.75,12.7,49.77,75.98
348.0,12.7,49.77,75.98
348.25,12.7,49.77,75.98
348.5,12.7,49.41,75.88
348.75,12.7,49.41,75.88
349.0,12.7,49.41,75.88
349.25,12.7,49.41,75.88
349.5,12.7,49.06,75.79
349.75,12.7,49.06,75.79
350.0,12.7,49.06,75.79
350.25,12.7,49.06,75.79
350.5,12.7,48.65,75.67
350.75,12.7,48.65,75.67
351.0,12.7,48.65,75.67
351.25,12.7,48.65,75.67
351.5,12.7,48.28,75.57
351.75,12.7,48.28,75.57
352.0,12.7,48.28,75.57
352.25,12.7,48.28,75.57
352.5,12.7,47.94,75.46
352.75,12.7,47.94,75.46
353.0,12.7,47.94,75.46
353.25,12.7,47.94,75.46
353.5,12.7,47.94,75.46
353.75,12.7,47.63,75.36
354.0,12.7,47.63,75.36
354.25,12.7,47.63,75.36
354.5,12.7,47.63,75.36
354.75,12.7,47.27,75.25
355.0,12.7,47.27,75.25
355.25,12.7,47.27,75.25
355.5,12.7,47.27,75.25
355.75,12.7,46.95,75.15
356.0,12.7,46.95,75.15
356.25,12.7,46.95,75.15
356.5,12.7,46.95,75.05
356.75,12.7,46.65,75.05
357.0,12.7,46.65,75.05
357.25,12.7,46.65,75.05
357.5,12.7,46.65,75.05
357.75,12.7,46.38,74.96
358.0,12.7,46.38,74.96
358.25,12.7,46.38,74.96
358.5,12.7,46.38,74.96
358.75,12.7,46.13,74.87
359.0,12.7,46.13,74.87
359.25,12.7,46.13,74.87
359.5,12.7,46.13,74.87
359.75,12.7,45.82,74.79
360.0,12.7,45.82,74.79
360.25,12.7,45.82,74.79
360.5,12.7,45.82,74.79
360.75,12.7,45.53,74.71
361.0,12.7,45.53,74.71
361.25,12.7,45.53,74.71
361.5,12.7,45.53,74.71
361.75,12.7,45.29,74.64
362.0,12.7,45.29,74.64
362.25,12.7,45.29,74.64
362.5,12.7,45.29,74.64
362.75,12.7,45.03,74.57
363.0,12.7,45.03,74.57
363.25,12.7,45.03,74.57
363.5,12.7,45.03,74.57
363.75,12.7,44.78,74.51
364.0,12.7,44.78,74.51
364.25,12.7,44.78,74.51
364.5,12.7,44.78,74.51
364.75,12.7,44.78,74.44
365.0,12.7,44.52,74.44
365.25,12.7,44.52,74.44
365.5,12.7,44.52,74.44
365.75,12.7,44.31,74.39
366.0,12.7,44.31,74.39
366.25,12.7,44.31,74.39
366.5,12.7,44.31,74.39
366.75,12.7,44.05,74.34
367.0,12.7,44.05,74.34
367.25,12.7,44.05,74.34
367.5,12.7,44.05,74.34
367.75,12.7,44.05,74.34
368.0,12.7,43.81,74.29
368.25,12.7,43.81,74.29
368.5,12.7,43.81,74.29
368.75,12.7,43.81,74.29
369.0,12.7,43.63,74.25
369.25,12.7,43.63,74.25
369.5,12.7,43.63,74.25
369.75,12.7,43.63,74.25
370.0,12.7,43.41,74.21
370.25,12.7,43.41,74.21
370.5,12.7,43.41,74.21
370.75,12.7,43.41,74.21
371.0,12.7,43.19,74.17
371.25,12.7,43.19,74.17
371.5,12.7,43.19,74.17
371.75,12.7,43.19,74.17
372.0,12.7,42.98,74.13
372.25,12.7,42.98,74.13
372.5,12.7,42.98,74.13
372.75,12.7,42.98,74.13
373.0,12.7,42.81,74.09
373.25,12.7,42.81,74.09
373.5,12.7,42.81,74.09
373.75,12.7,42.81,74.09
374.0,12.7,42.56,74.06
374.25,12.7,42.56,74.06
374.5,12.7,42.56,74.06
374.75,12.7,42.56,74.06
375.0,12.7,42.37,74.02
375.25,12.7,42.37,74.02
375.5,12.7,42.37,74.02
375.75,12.7,42.37,74.02
376.0,12.7,42.18,73.99
376.25,12.7,42.18,73.99
376.5,12.7,42.18,73.99
376.75,12.7,42.18,73.99
377.0,12.7,42.18,73.95
377.25,12.7,41.98,73.95
377.5,12.7,41.98,73.95
377.75,12.7,41.98,73.95
378.0,12.7,41.98,73.92
378.25,12.7,41.79,73.92
378.5,12.7,41.79,73.92
378.75,12.7,41.79,73.92
379.0,12.7,41.79,73.89
379.25,12.7,41.65,73.89
379.5,12.7,41.65,73.89
379.75,12.7,41.65,73.89
380.0,12.7,41.65,73.86
380.25,12.7,41.49,73.86
380.5,12.7,41.49,73.86
380.75,12.7,41.49,73.86
381.0,12.7,41.49,73.83
381.25,12.7,41.26,73.83
381.5,12.7,41.26,73.83
381.75,12.7,41.26,73.83
382.0,12.7,41.26,73.8
382.25,12.7,41.14,73.8
382.5,12.7,41.14,73.8
382.75,12.7,41.14,73.8
383.0,12.7,41.14,73.77
383.25,12.7,40.94,73.77
383.5,12.7,40.94,73.77
383.75,12.7,40.94,73.77
384.0,12.7,40.94,73.77
384.25,12.7,40.77,73.74
384.5,12.7,40.77,73.74
384.75,12.7,40.77,73.74
385.0,12.7,40.77,73.74
385.25,12.7,40.6,73.71
385.5,12.7,40.6,73.71
385.75,12.7,40.6,73.71
386.0,12.7,40.6,73.71
386.25,12.7,40.46,73.69
386.5,12.7,40.46,73.69
386.75,12.7,40.46,73.69
387.0,12.7,40.46,73.69
387.25,12.7,40.31,73.66
387.5,12.7,40.31,73.66
387.75,12.7,40.31,73.66
388.0,12.7,40.31,73.66
388.25,12.7,40.24,73.63
388.5,12.7,40.24,73.63
388.75,12.7,40.24,73.63
389.0,12.7,40.24,73.63
389.25,12.7,40.0,73.59
389.5,12.7,40.0,73.59
389.75,12.7,40.0,73.59
390.0,12.7,40.0,73.59
390.25,12.7,40.0,73.57
390.5,12.7,39.87,73.57
390.75,12.7,39.87,73.57
391.0,12.7,39.87,73.57
391.25,12.7,39.87,73.57
391.5,12.7,39.71,73.54
391.75,12.7,39.71,73.54
392.0,12.7,39.71,73.54
392.25,12.7,39.71,73.54
392.5,12.7,39.62,73.51
392.75,12.7,39.62,73.51
393.0,12.7,39.62,73.51
393.25,12.7,39.62,73.48
393.5,12.7,39.46,73.48
393.75,12.7,39.46,73.48
394.0,12.7,39.46,73.48
394.25,12.7,39.46,73.45
394.5,12.7,39.31,73.45
394.75,12.7,39.31,73.45
395.0,12.7,39.31,73.45
395.25,12.7,39.31,73.42
395.5,12.7,39.16,73.42
395.75,12.7,39.16,73.42
396.0,12.7,39.16,73.42
396.25,12.7,39.16,73.4
396.5,12.7,39.04,73.4
396.75,12.7,39.04,73.4
397.0,12.7,39.04,73.4
397.25,12.7,39.04,73.37
397.5,12.7,38.9,73.37
397.75,12.7,38.9,73.37
398.0,12.7,38.9,73.37
398.25,12.7,38.9,73.34
398.5,12.7,38.79,73.34
398.75,12.7,38.79,73.34
399.0,12.7,38.79,73.34
399.25,12.7,38.79,73.34
399.5,12.7,38.79,73.31
399.75,12.7,38.68,73.31
400.0,12.7,38.68,73.31
400.25,12.7,38.68,73.29
400.5,12.7,38.57,73.29
400.75,12.7,38.57,73.29
401.0,12.7,38.57,73.29
401.25,12.7,38.57,73.29
401.5,12.7,38.41,73.26
401.75,12.7,38.41,73.26
402.0,12.7,38.41,73.26
402.25,12.7,38.41,73.26
402.5,12.7,38.28,73.22
402.75,12.7,38.28,73.22
403.0,12.7,38.28,73.22
403.25,12.7,38.28,73.22
403.5,12.7,38.17,73.2
403.75,12.7,38.17,73.2
404.0,12.7,38.17,73.2
404.25,12.7,38.17,73.2
404.5,12.7,38.17,73.17
404.75,12.7,38.06,73.17
405.0,12.7,38.06,73.17
405.25,12.7,38.06,73.17
405.5,12.7,37.94,73.14
405.75,12.7,37.94,73.14
406.0,12.7,37.94,73.14
406.25,12.7,37.94,73.14
406.5,12.7,37.85,73.11
406.75,12.7,37.85,73.11
407.0,12.7,37.85,73.11
407.25,12.7,37.85,73.11
407.5,12.7,37.85,73.11
407.75,12.7,37.75,73.09
408.0,12.7,37.75,73.09
408.25,12.7,37.75,73.09
408.5,12.7,37.75,73.06
408.75,12.7,37.64,73.06
409.0,12.7,37.64,73.06
409.25,12.7,37.64,73.06
409.5,12.7,37.64,73.06
409.75,12.7,37.53,73.03
410.0,12.7,37.53,73.03
410.25,12.7,37.53,73.03
410.5,12.7,37.53,73.03
410.75,12.7,37.44,73.0
411.0,12.7,37.44,73.0
411.25,12.7,37.44,73.0
411.5,12.7,37.44,73.0
411.75,12.7,37.34,72.97
412.0,12.7,37.34,72.97
412.25,12.7,37.34,72.97
412.5,12.7,37.34,72.97
412.75,12.7,37.22,72.95
413.0,12.7,37.22,72.95
413.25,12.7,37.22,72.95
413.5,12.7,37.22,72.95
413.75,12.7,37.12,72.91
414.0,12.7,37.12,72.91
414.25,12.7,37.12,72.91
414.5,12.7,37.12,72.91
414.75,12.7,37.03,72.88
415.0,12.7,37.03,72.88
415.25,12.7,37.03,72.88
415.5,12.7,37.03,72.88
415.75,12.7,36.95,72.85
416.0,12.7,36.95,72.85
416.25,12.7,36.95,72.85
416.5,12.7,36.95,72.85
416.75,12.7,36.85,72.82
417.0,12.7,36.85,72.82
417.25,12.7,36.85,72.82
417.5,12.7,36.85,72.82
417.75,12.7,36.85,72.82
418.0,12.7,36.75,72.79
418.25,12.7,36.75,72.79
418.5,12.7,36.75,72.79
418.75,12.7,36.75,72.79
419.0,12.7,36.68,72.77
419.25,12.7,36.68,72.77
419.5,12.7,36.68,72.77
419.75,12.7,36.58,72.74
420.0,12.7,36.58,72.74
420.25,12.7,36.58,72.74
420.5,12.7,36.58,72.74
420.75,12.7,36.58,72.74
421.0,12.7,36.5,72.71
421.25,12.7,36.5,72.71
421.5,12.7,36.5,72.71
421.75,12.7,36.4,72.68
422.0,12.7,36.4,72.68
422.25,12.7,36.4,72.68
422.5,12.7,36.4,72.68
422.75,12.7,36.4,72.68
423.0,12.7,36.32,72.67
423.25,12.7,36.32,72.67
423.5,12.7,36.32,72.67
423.75,12.7,36.32,72.67
424.0,12.7,36.28,72.67
424.25,12.7,36.28,72.67
424.5,12.7,36.28,72.67
424.75,12.7,36.28,72.67
425.0,12.7,36.17,72.69
425.25,12.7,36.17,72.69
425.5,12.7,36.17,72.69
425.75,12.7,36.17,72.69
426.0,12.7,36.11,72.73
426.25,12.7,36.11,72.73
426.5,12.7,36.11,72.73
426.75,12.7,36.11,72.73
427.0,12.7,36.05,72.79
427.25,12.7,36.05,72.79
427.5,12.7,36.05,72.79
427.75,12.7,36.05,72.79
428.0,12.7,35.99,72.87
428.25,12.7,35.99,72.87
428.5,12.7,35.99,72.87
428.75,12.7,35.99,72.87
429.0,12.7,35.93,72.99
429.25,12.7,35.93,72.99
429.5,12.7,35.93,72.99
429.75,12.7,35.93,72.99
430.0,12.7,35.89,73.11
430.25,12.7,35.89,73.11
430.5,12.7,35.89,73.11
430.75,12.7,35.89,73.11
431.0,12.7,35.85,73.23
431.25,12.7,35.85,73.23
431.5,12.7,35.85,73.23
431.75,12.7,35.85,73.23
432.0,12.7,35.78,73.36
432.25,12.7,35.78,73.36
432.5,12.7,35.78,73.36
432.75,12.7,35.78,73.36
433.0,12.7,35.74,73.51
433.25,12.7,35.74,73.51
433.5,12.7,35.74,73.51
433.75,12.7,35.74,73.51
434.0,12.7,35.7,73.66
434.25,12.7,35.7,73.66
434.5,12.7,35.7,73.66
434.75,12.7,35.7,73.66
435.0,12.7,35.7,73.66
435.25,12.7,35.65,73.81
435.5,12.7,35.65,73.81
435.75,12.7,35.65,73.81
436.0,12.7,35.65,73.81
436.25,12.7,35.62,73.95
436.5,12.7,35.62,73.95
436.75,12.7,35.62,73.95
437.0,12.7,35.57,74.08
437.25,12.7,35.57,74.08
437.5,12.7,35.57,74.08
437.75,12.7,35.57,74.08
438.0,12.7,35.57,74.08
438.25,12.7,35.53,74.2
438.5,12.7,35.53,74.2
438.75,12.7,35.53,74.2
439.0,12.7,35.53,74.2
439.25,12.7,35.5,74.31
439.5,12.7,35.5,74.31
439.75,12.7,35.5,74.31
440.0,12.7,35.5,74.31
440.25,12.7,35.46,74.4
440.5,12.7,35.46,74.4
440.75,12.7,35.46,74.4
441.0,12.7,35.46,74.4
441.25,12.7,35.42,74.48
441.5,12.7,35.42,74.48
441.75,12.7,35.42,74.48
442.0,12.7,35.42,74.48
442.25,12.7,35.39,74.54
442.5,12.7,35.39,74.54
442.75,12.7,35.39,74.54
443.0,12.7,35.39,74.54
443.25,12.7,35.35,74.61
443.5,12.7,35.35,74.61
443.75,12.7,35.35,74.61
444.0,12.7,35.35,74.61
444.25,12.7,35.31,74.66
444.5,12.7,35.31,74.66
444.75,12.7,35.31,74.66
445.0,12.7,35.31,74.66
445.25,12.7,35.29,74.7
445.5,12.7,35.29,74.7
445.75,12.7,35.29,74.7
446.0,12.7,35.29,74.7
446.25,12.7,35.24,74.73
446.5,12.7,35.24,74.73
446.75,12.7,35.24,74.73
447.0,12.7,35.24,74.73
447.25,12.7,35.21,74.75
447.5,12.7,35.21,74.75
447.75,12.7,35.21,74.75
448.0,12.7,35.21,74.75
448.25,12.7,35.18,74.76
448.5,12.7,35.18,74.76
448.75,12.7,35.18,74.76
449.0,12.7,35.18,74.76
449.25,12.7,35.14,74.76
449.5,12.7,35.14,74.76
449.75,12.7,35.14,74.76
450.0,12.7,35.14,74.76
450.25,12.7,35.1,74.75
450.5,12.7,35.1,74.75
450.75,12.7,35.1,74.75
451.0,12.7,35.1,74.75
451.25,12.7,35.1,74.75
451.5,12.7,35.07,74.73
451.75,12.7,35.07,74.73
452.0,12.7,35.07,74.73
452.25,12.7,35.07,74.73
452.5,12.7,35.03,74.71
452.75,12.7,35.03,74.71
453.0,12.7,35.03,74.71
453.25,12.7,35.03,74.71
453.5,91.33,35.0,74.68
453.75,91.33,35.0,74.68
454.0,91.33,35.0,74.68
454.25,91.33,35.0,74.68
454.5,91.33,36.39,73.78
454.75,91.33,36.39,73.78
455.0,91.33,36.39,73.78
455.25,91.33,36.39,73.78
455.5,91.33,37.54,72.9
455.75,91.33,37.54,72.9
456.0,91.33,37.54,72.9
456.25,91.33,37.54,72.9
456.5,91.33,38.83,71.85
456.75,91.33,38.83,71.85
457.0,91.33,38.83,71.85
457.25,91.33,38.83,71.85
457.5,91.33,39.8,71.03
457.75,91.33,39.8,71.03
458.0,91.33,39.8,71.03
458.25,91.33,39.8,71.03
458.5,91.33,40.92,70.24
458.75,91.33,40.92,70.24
459.0,91.33,40.92,70.24
459.25,91.33,40.92,70.24
459.5,91.33,40.92,70.24
459.75,91.33,41.66,69.48
460.0,91.33,41.66,69.48
460.25,91.33,41.66,69.48
460.5,91.33,41.66,69.48
460.75,91.33,42.7,68.73
461.0,91.33,42.7,68.73
461.25,91.33,42.7,68.73
461.5,91.33,42.7,68.73
461.75,91.33,43.44,68.01
462.0,91.33,43.44,68.01
462.25,91.33,43.44,68.01
462.5,91.33,43.44,68.01
462.75,91.33,44.06,67.31
463.0,91.33,44.06,67.31
463.25,91.33,44.06,67.31
463.5,91.33,44.06,67.31
463.75,91.33,44.93,66.62
464.0,91.33,44.93,66.62
464.25,91.33,44.93,66.62
464.5,91.33,44.93,66.62
464.75,91.33,45.54,65.96
465.0,91.33,45.54,65.96
465.25,91.33,45.54,65.96
465.5,91.33,45.54,65.96
465.75,91.33,46.12,65.31
466.0,91.33,46.12,65.31
466.25,91.33,46.12,65.31
466.5,91.33,46.12,65.31
466.75,91.33,46.78,65.33
467.0,91.33,46.78,65.33
467.25,91.33,46.78,65.33
467.5,91.33,46.78,65.33
467.75,91.33,47.29,65.61
468.0,91.33,47.29,65.61
468.25,91.33,47.29,65.61
468.5,91.33,47.29,65.61
468.75,91.33,47.95,65.82
469.0,91.33,47.95,65.82
469.25,91.33,47.95,65.82
469.5,91.33,47.95,65.82
469.75,91.33,48.41,66.02
470.0,91.33,48.41,66.02
470.25,91.33,48.41,66.02
470.5,91.33,48.41,66.02
470.75,91.33,48.89,66.2
471.0,91.33,48.89,66.2
471.25,91.33,48.89,66.2
471.5,91.33,48.89,66.2
471.75,91.33,48.89,66.2
472.0,91.33,49.26,66.37
472.25,91.33,49.26,66.37
472.5,91.33,49.26,66.37
472.75,91.33,49.26,66.37
473.0,91.33,49.74,66.54
473.25,91.33,49.74,66.54
473.5,91.33,49.74,66.54
473.75,91.33,49.74,66.54
474.0,91.33,50.15,66.69
474.25,91.33,50.15,66.69
474.5,91.33,50.15,66.69
474.75,91.33,50.15,66.69
475.0,91.33,50.51,66.84
475.25,91.33,50.51,66.84
475.5,91.33,50.51,66.84
475.75,91.33,50.51,66.84
476.0,91.33,50.88,66.98
476.25,91.33,50.88,66.98
476.5,91.33,50.88,66.98
476.75,91.33,50.88,66.98
477.0,91.33,51.28,67.11
477.25,91.33,51.28,67.11
477.5,91.33,51.28,67.11
477.75,91.33,51.28,67.11
478.0,91.33,51.58,67.24
478.25,91.33,51.58,67.24
478.5,91.33,51.58,67.24
478.75,91.33,51.58,67.24
479.0,91.33,51.84,67.37
479.25,91.33,51.84,67.37
479.5,91.33,51.84,67.37
479.75,91.33,51.84,67.37
480.0,91.33,52.2,67.49
480.25,91.33,52.2,67.49
480.5,91.33,52.2,67.49
480.75,91.33,52.2,67.49
481.0,91.33,52.5,67.63
481.25,91.33,52.5,67.63
481.5,91.33,52.5,67.63
481.75,91.33,52.5,67.63
482.0,91.33,52.5,67.63
482.25,91.33,52.74,67.73
482.5,91.33,52.74,67.73
482.75,91.33,52.74,67.73
483.0,91.33,52.74,67.73
483.25,91.33,53.05,67.83
483.5,91.33,53.05,67.83
483.75,91.33,53.05,67.83
484.0,91.33,53.05,67.83
484.25,91.33,53.28,67.93
484.5,91.33,53.28,67.93
484.75,91.33,53.28,67.93
485.0,91.33,53.28,67.93
485.25,91.33,53.48,68.02
485.5,91.33,53.48,68.02
485.75,91.33,53.48,68.02
486.0,91.33,53.48,68.02
486.25,91.33,53.73,68.11
486.5,91.33,53.73,68.11
486.75,91.33,53.73,68.11
487.0,91.33,53.73,68.11
487.25,91.33,53.91,68.2
487.5,91.33,53.91,68.2
487.75,91.33,53.91,68.2
488.0,91.33,53.91,68.2
488.25,91.33,54.13,68.28
488.5,91.33,54.13,68.28
488.75,91.33,54.13,68.28
489.0,91.33,54.13,68.28
489.25,91.33,54.32,68.36
489.5,91.33,54.32,68.36
489.75,91.33,54.32,68.36
490.0,91.33,54.32,68.36
490.25,91.33,54.48,68.43
490.5,91.33,54.48,68.43
490.75,91.33,54.48,68.43
491.0,91.33,54.48,68.43
491.25,91.33,54.67,68.5
491.5,91.33,54.67,68.5
491.75,91.33,54.67,68.5
492.0,91.33,54.67,68.5
492.25,91.33,54.82,68.59
492.5,91.33,54.82,68.59
492.75,91.33,54.82,68.59
493.0,91.33,54.82,68.59
493.25,91.33,54.97,68.65
493.5,91.33,54.97,68.65
493.75,91.33,54.97,68.65
494.0,91.33,54.97,68.65
494.25,91.33,55.13,68.71
494.5,91.33,55.13,68.71
494.75,91.33,55.13,68.71
495.0,91.33,55.13,68.71
495.25,91.33,55.13,68.71
495.5,91.33,55.28,68.77
495.75,91.33,55.28,68.77
496.0,91.33,55.28,68.77
496.25,91.33,55.28,68.77
496.5,91.33,55.42,68.83
496.75,91.33,55.42,68.83
497.0,91.33,55.42,68.83
497.25,91.33,55.42,68.83
497.5,91.33,55.55,68.88
497.75,91.33,55.55,68.88
498.0,91.33,55.55,68.88
498.25,91.33,55.55,68.88
498.5,91.33,55.64,68.93
498.75,91.33,55.64,68.93
499.0,91.33,55.64,68.93
499.25,91.33,55.64,68.93
499.5,91.33,55.75,68.98
499.75,91.33,55.75,68.98
500.0,91.33,55.75,68.98
500.25,91.33,55.75,68.98
500.5,91.33,55.88,69.02
500.75,91.33,55.88,69.02
501.0,91.33,55.88,69.02
501.25,91.33,55.88,69.02
501.5,91.33,55.98,69.07
501.75,91.33,55.98,69.07
502.0,91.33,55.98,69.07
502.25,91.33,55.98,69.07
502.5,91.33,56.08,69.1
502.75,91.33,56.08,69.1
503.0,91.33,56.08,69.1
503.25,91.33,56.08,69.1
503.5,91.33,56.16,69.14
503.75,91.33,56.16,69.14
504.0,91.33,56.16,69.14
504.25,91.33,56.16,69.14
504.5,91.33,56.25,69.18
504.75,91.33,56.25,69.18
505.0,91.33,56.25,69.18
505.25,91.33,56.25,69.18
505.5,91.33,56.32,69.22
505.75,91.33,56.32,69.22
506.0,91.33,56.32,69.22
506.25,91.33,56.32,69.22
506.5,91.33,56.41,69.24
506.75,91.33,56.41,69.24
507.0,91.33,56.41,69.24
507.25,91.33,56.41,69.24
507.5,91.33,56.48,69.27
507.75,91.33,56.48,69.27
508.0,91.33,56.48,69.27
508.25,91.33,56.48,69.27
508.5,91.33,56.48,69.27
508.75,91.33,56.54,69.29
509.0,91.33,56.54,69.29
509.25,91.33,56.54,69.29
509.5,91.33,56.61,69.31
509.75,91.33,56.61,69.31
510.0,91.33,56.61,69.31
510.25,91.33,56.61,69.31
510.5,91.33,56.61,69.31
510.75,91.33,56.66,69.33
511.0,91.33,56.66,69.33
511.25,91.33,56.66,69.33
511.5,91.33,56.71,69.35
511.75,91.33,56.71,69.35
512.0,91.33,56.71,69.35
512.25,91.33,56.71,69.35
512.5,91.33,56.77,69.36
512.75,91.33,56.77,69.36
513.0,91.33,56.77,69.36
513.25,91.33,56.77,69.36
513.5,91.33,56.77,69.36
513.75,91.33,56.82,69.37
514.0,91.33,56.82,69.37
514.25,91.33,56.82,69.37
514.5,91.33,56.85,69.38
514.75,91.33,56.85,69.38
515.0,91.33,56.85,69.38
515.25,91.33,56.85,69.38
515.5,91.33,56.85,69.38
515.75,91.33,56.9,69.39
516.0,91.33,56.9,69.39
516.25,91.33,56.9,69.39
516.5,91.33,56.9,69.39
516.75,91.33,56.95,69.4
517.0,91.33,56.95,69.4
517.25,91.33,56.95,69.4
517.5,91.33,56.95,69.4
517.75,91.33,56.98,69.4
518.0,91.33,56.98,69.4
518.25,91.33,56.98,69.4
518.5,91.33,56.98,69.4
518.75,91.33,57.01,69.41
519.0,91.33,57.01,69.41
519.25,91.33,57.01,69.41
519.5,91.33,57.01,69.41
519.75,91.33,57.04,69.41
520.0,91.33,57.04,69.41
520.25,91.33,57.04,69.41
520.5,91.33,57.04,69.41
520.75,91.33,57.07,69.41
521.0,91.33,57.07,69.41
521.25,91.33,57.07,69.41
521.5,91.33,57.07,69.41
521.75,91.33,57.09,69.41
522.0,91.33,57.09,69.41
522.25,91.33,57.09,69.41
522.5,91.33,57.09,69.41
522.75,91.33,57.12,69.41
523.0,91.33,57.12,69.41
523.25,91.33,57.12,69.41
523.5,91.33,57.12,69.41
523.75,91.33,57.14,69.4
524.0,91.33,57.14,69.4
524.25,91.33,57.14,69.4
524.5,91.33,57.14,69.4
524.75,91.33,57.14,69.4
525.0,91.33,57.15,69.39
525.25,91.33,57.15,69.39
525.5,91.33,57.15,69.39
525.75,91.33,57.15,69.39
526.0,91.33,57.18,69.38
526.25,91.33,57.18,69.38
526.5,91.33,57.18,69.38
526.75,91.33,57.18,69.38
527.0,91.33,57.18,69.38
527.25,91.33,57.18,69.38
527.5,91.33,57.18,69.38
527.75,91.33,57.18,69.38
528.0,91.33,57.2,69.36
528.25,91.33,57.2,69.36
528.5,91.33,57.2,69.36
528.75,91.33,57.2,69.36
529.0,91.33,57.2,69.35
529.25,91.33,57.2,69.35
529.5,91.33,57.2,69.35
529.75,91.33,57.2,69.35
530.0,91.33,57.21,69.34
530.25,91.33,57.21,69.34
530.5,91.33,57.21,69.34
530.75,91.33,57.21,69.33
531.0,91.33,57.21,69.33
531.25,91.33,57.21,69.33
531.5,91.33,57.21,69.33
531.75,91.33,57.21,69.33
532.0,91.33,57.22,69.31
532.25,91.33,57.22,69.31
532.5,91.33,57.22,69.31
532.75,91.33,57.22,69.31
533.0,91.33,57.22,69.29
533.25,91.33,57.22,69.29
533.5,91.33,57.22,69.29
533.75,91.33,57.22,69.29
534.0,91.33,57.22,69.28
534.25,91.33,57.22,69.28
534.5,91.33,57.22,69.28
534.75,91.33,57.22,69.28
535.0,91.33,57.22,69.25
535.25,91.33,57.22,69.25
535.5,91.33,57.22,69.25
535.75,91.33,57.22,69.25
536.0,91.33,57.22,69.23
536.25,91.33,57.22,69.23
536.5,91.33,57.22,69.23
536.75,91.33,57.22,69.23
537.0,91.33,57.22,69.21
537.25,91.33,57.22,69.21
537.5,91.33,57.22,69.21
537.75,91.33,57.22,69.21
538.0,91.33,57.22,69.21
538.25,91.33,57.22,69.2
538.5,91.33,57.22,69.2
538.75,91.33,57.22,69.2
539.0,91.33,57.22,69.2
539.25,91.33,57.24,69.2
539.5,91.33,57.24,69.2
539.75,91.33,57.24,69.2
540.0,91.33,57.24,69.2
540.25,91.33,57.27,69.21
540.5,91.33,57.27,69.21
540.75,91.33,57.27,69.21
541.0,91.33,57.27,69.21
541.25,91.33,57.31,69.24
541.5,91.33,57.31,69.24
541.75,91.33,57.31,69.24
542.0,91.33,57.31,69.24
542.25,91.33,57.35,69.28
542.5,91.33,57.35,69.28
542.75,91.33,57.35,69.28
543.0,91.33,57.35,69.28
543.25,91.33,57.39,69.32
543.5,91.33,57.39,69.32
543.75,91.33,57.39,69.32
544.0,91.33,57.39,69.32
544.25,91.33,57.44,69.36
544.5,91.33,57.44,69.36
544.75,91.33,57.44,69.36
545.0,91.33,57.44,69.36
545.25,91.33,57.49,69.41
545.5,91.33,57.49,69.41
545.75,91.33,57.49,69.41
546.0,91.33,57.49,69.41
546.25,91.33,57.53,69.48
546.5,91.33,57.53,69.48
546.75,91.33,57.53,69.48
547.0,91.33,57.53,69.48
547.25,91.33,57.58,69.55
547.5,91.33,57.58,69.55
547.75,91.33,57.58,69.55
548.0,91.33,57.58,69.55
548.25,91.33,57.63,69.64
548.5,91.33,57.63,69.64
548.75,91.33,57.63,69.64
549.0,91.33,57.63,69.64
549.25,91.33,57.67,69.73
549.5,91.33,57.67,69.73
549.75,91.33,57.67,69.73
550.0,91.33,57.67,69.73
550.25,91.33,57.73,69.81
550.5,91.33,57.73,69.81
550.75,91.33,57.73,69.81
551.0,91.33,57.73,69.81
551.25,91.33,57.77,69.89
551.5,91.33,57.77,69.89
551.75,91.33,57.77,69.89
552.0,91.33,57.77,69.89
552.25,91.33,57.82,69.96
552.5,91.33,57.82,69.96
552.75,91.33,57.82,69.96
553.0,91.33,57.82,69.96
553.25,91.33,57.82,69.96
553.5,91.33,57.87,70.02
553.75,91.33,57.87,70.02
554.0,91.33,57.87,70.02
554.25,91.33,57.87,70.02
554.5,91.33,57.9,70.07
554.75,91.33,57.9,70.07
555.0,91.33,57.9,70.07
555.25,91.33,57.9,70.07
555.5,91.33,57.93,70.12
555.75,91.33,57.93,70.12
556.0,91.33,57.93,70.12
556.25,91.33,57.93,70.12
556.5,91.33,57.97,70.17
556.75,91.33,57.97,70.17
557.0,91.33,57.97,70.17
557.25,91.33,57.97,70.17
557.5,91.33,58.01,70.22
557.75,91.33,58.01,70.22
558.0,91.33,58.01,70.22
558.25,91.33,58.01,70.22
558.5,91.33,58.05,70.26
558.75,91.33,58.05,70.26
559.0,91.33,58.05,70.26
559.25,91.33,58.05,70.26
559.5,91.33,58.09,70.3
559.75,91.33,58.09,70.3
560.0,91.33,58.09,70.3
560.25,91.33,58.09,70.3
560.5,91.33,58.11,70.33
560.75,91.33,58.11,70.33
561.0,91.33,58.11,70.33
561.25,91.33,58.11,70.33
561.5,91.33,58.15,70.36
561.75,91.33,58.15,70.36
562.0,91.33,58.15,70.36
562.25,91.33,58.15,70.36
562.5,91.33,58.17,70.38
562.75,91.33,58.17,70.38
563.0,91.33,58.17,70.38
563.25,91.33,58.17,70.38
563.5,91.33,58.18,70.41
563.75,91.33,58.18,70.41
564.0,91.33,58.18,70.41
564.25,91.33,58.18,70.41
564.5,91.33,58.21,70.42
564.75,91.33,58.21,70.42
565.0,91.33,58.21,70.42
565.25,91.33,58.21,70.42
565.5,91.33,58.21,70.44
565.75,91.33,58.21,70.44
566.0,91.33,58.21,70.44
566.25,91.33,58.21,70.44
566.5,91.33,58.24,70.44
566.75,91.33,58.24,70.44
567.0,91.33,58.24,70.44
567.25,91.33,58.24,70.44
567.5,91.33,58.25,70.44
567.75,91.33,58.25,70.44
568.0,91.33,58.25,70.44
568.25,91.33,58.25,70.44
568.5,91.33,58.25,70.44
568.75,91.33,58.25,70.44
569.0,91.33,58.25,70.44
569.25,91.33,58.25,70.44
569.5,91.33,58.25,70.44
569.75,91.33,58.25,70.44
570.0,91.33,58.25,70.44
570.25,91.33,58.25,70.44
570.5,91.33,58.26,70.43
570.75,91.33,58.26,70.43
571.0,91.33,58.26,70.43
571.25,91.33,58.26,70.43
571.5,91.33,58.26,70.43
571.75,91.33,58.26,70.42
572.0,91.33,58.26,70.42
572.25,91.33,58.26,70.42
572.5,91.33,58.26,70.42
572.75,91.33,58.27,70.41
573.0,91.33,58.27,70.41
573.25,91.33,58.27,70.41
573.5,91.33,58.27,70.41
573.75,63.24,58.27,70.41
574.0,63.24,58.27,70.41
574.25,63.24,58.27,70.41
574.5,63.24,58.27,70.41
574.75,63.24,58.18,70.45
575.0,63.24,58.18,70.45
575.25,63.24,58.18,70.45
575.5,63.24,58.18,70.45
575.75,63.24,58.12,70.48
576.0,63.24,58.12,70.48
576.25,63.24,58.12,70.48
576.5,63.24,58.12,70.48
576.75,63.24,58.06,70.51
577.0,63.24,58.06,70.51
577.25,63.24,58.06,70.51
577.5,63.24,58.06,70.51
577.75,63.24,58.01,70.54
578.0,63.24,58.01,70.54
578.25,63.24,58.01,70.54
578.5,63.24,58.01,70.54
578.75,63.24,57.96,70.57
579.0,63.24,57.96,70.57
579.25,63.24,57.96,70.57
579.5,63.24,57.96,70.57
579.75,63.24,57.9,70.59
580.0,63.24,57.9,70.59
580.25,63.24,57.9,70.59
580.5,63.24,57.9,70.59
580.75,63.24,57.87,70.61
581.0,63.24,57.87,70.61
581.25,63.24,57.87,70.61
581.5,63.24,57.87,70.61
581.75,63.24,57.82,70.63
582.0,63.24,57.82,70.63
582.25,63.24,57.82,70.63
582.5,63.24,57.82,70.63
582.75,63.24,57.78,70.65
583.0,63.24,57.78,70.65
583.25,63.24,57.78,70.65
583.5,63.24,57.78,70.65
583.75,63.24,57.74,70.67
584.0,63.24,57.74,70.67
584.25,63.24,57.74,70.67
584.5,63.24,57.74,70.67
584.75,63.24,57.74,70.67
585.0,63.24,57.7,70.68
585.25,63.24,57.7,70.68
585.5,63.24,57.7,70.68
585.75,63.24,57.7,70.68
586.0,63.24,57.65,70.69
586.25,63.24,57.65,70.69
586.5,63.24,57.65,70.69
586.75,63.24,57.65,70.69
587.0,63.24,57.62,70.64
587.25,63.24,57.62,70.64
587.5,63.24,57.62,70.64
587.75,63.24,57.62,70.64
588.0,63.24,57.59,70.6
588.25,63.24,57.59,70.6
588.5,63.24,57.59,70.6
588.75,63.24,57.59,70.6
589.0,63.24,57.54,70.56
589.25,63.24,57.54,70.56
589.5,63.24,57.54,70.56
589.75,63.24,57.54,70.56
590.0,63.24,57.52,70.52
590.25,63.24,57.52,70.52
590.5,63.24,57.52,70.52
590.75,63.24,57.52,70.52
591.0,63.24,57.48,70.48
591.25,63.24,57.48,70.48
591.5,63.24,57.48,70.48
591.75,63.24,57.48,70.48
592.0,63.24,57.45,70.44
592.25,63.24,57.45,70.44
592.5,63.24,57.45,70.44
592.75,63.24,57.45,70.44
593.0,63.24,57.41,70.41
593.25,63.24,57.41,70.41
593.5,63.24,57.41,70.41
593.75,63.24,57.41,70.41
594.0,63.24,57.38,70.36
594.25,63.24,57.38,70.36
594.5,63.24,57.38,70.36
594.75,63.24,57.38,70.36
595.0,63.24,57.35,70.33
595.25,63.24,57.35,70.33
595.5,63.24,57.35,70.33
595.75,63.24,57.35,70.33
596.0,63.24,57.31,70.29
596.25,63.24,57.31,70.29
596.5,63.24,57.31,70.29
596.75,63.24,57.31,70.29
597.0,63.24,57.31,70.29
597.25,63.24,57.29,70.26
597.5,63.24,57.29,70.26
597.75,63.24,57.29,70.26
598.0,63.24,57.29,70.26
598.25,63.24,57.26,70.23
598.5,63.24,57.26,70.23
598.75,63.24,57.26,70.23
599.0,63.24,57.26,70.23
599.25,63.24,57.25,70.19
599.5,63.24,57.25,70.19
599.75,63.24,57.25,70.19
600.0,63.24,57.25,70.19
600.25,63.24,57.2,70.16
600.5,63.24,57.2,70.16
600.75,63.24,57.2,70.16
601.0,63.24,57.2,70.16
601.25,63.24,57.17,70.13
601.5,63.24,57.17,70.13
601.75,63.24,57.17,70.13
602.0,63.24,57.17,70.13
602.25,63.24,57.15,70.1
602.5,63.24,57.15,70.1
602.75,63.24,57.15,70.1
603.0,63.24,57.15,70.1
603.25,63.24,57.11,70.07
603.5,63.24,57.11,70.07
603.75,63.24,57.11,70.07
604.0,63.24,57.11,70.07
604.25,63.24,57.11,70.04
604.5,63.24,57.11,70.04
604.75,63.24,57.11,70.04
605.0,63.24,57.11,70.04
605.25,63.24,57.07,70.01
605.5,63.24,57.07,70.01
605.75,63.24,57.07,70.01
606.0,63.24,57.07,70.01
606.25,63.24,57.03,69.97
606.5,63.24,57.03,69.97
606.75,63.24,57.03,69.97
607.0,63.24,57.03,69.97
607.25,63.24,57.01,69.94
607.5,63.24,57.01,69.94
607.75,63.24,57.01,69.94
608.0,63.24,57.01,69.94
608.25,63.24,56.98,69.91
608.5,63.24,56.98,69.91
608.75,63.24,56.98,69.91
609.0,63.24,56.98,69.91
609.25,63.24,56.94,69.88
609.5,63.24,56.94,69.88
609.75,63.24,56.94,69.88
610.0,63.24,56.94,69.88
610.25,63.24,56.91,69.85
610.5,63.24,56.91,69.85
610.75,63.24,56.91,69.85
611.0,63.24,56.91,69.85
611.25,63.24,56.9,69.82
611.5,63.24,56.9,69.82
611.75,63.24,56.9,69.82
612.0,63.24,56.9,69.82
612.25,63.24,56.9,69.82
612.5,63.24,56.87,69.79
612.75,63.24,56.87,69.79
613.0,63.24,56.87,69.79
613.25,63.24,56.87,69.79
613.5,63.24,56.85,69.76
613.75,63.24,56.85,69.76
614.0,63.24,56.85,69.76
614.25,63.24,56.85,69.76
614.5,63.24,56.82,69.73
614.75,63.24,56.82,69.73
615.0,63.24,56.82,69.73
615.25,63.24,56.82,69.73
615.5,63.24,56.79,69.7
615.75,63.24,56.79,69.7
616.0,63.24,56.79,69.7
616.25,63.24,56.79,69.7
616.5,63.24,56.76,69.68
616.75,63.24,56.76,69.68
617.0,63.24,56.76,69.68
617.25,63.24,56.76,69.68
617.5,63.24,56.76,69.65
617.75,63.24,56.76,69.65
618.0,63.24,56.76,69.65
618.25,63.24,56.76,69.65
618.5,63.24,56.73,69.62
618.75,63.24,56.73,69.62
619.0,63.24,56.73,69.62
619.25,63.24,56.73,69.62
619.5,63.24,56.7,69.6
619.75,63.24,56.7,69.6
620.0,63.24,56.7,69.6
620.25,63.24,56.7,69.6
620.5,63.24,56.68,69.57
620.75,63.24,56.68,69.57
621.0,63.24,56.68,69.57
621.25,63.24,56.68,69.57
621.5,63.24,56.68,69.57
621.75,63.24,56.66,69.55
622.0,63.24,56.66,69.55
622.25,63.24,56.66,69.55
622.5,63.24,56.65,69.53
622.75,63.24,56.65,69.53
623.0,63.24,56.65,69.53
623.25,63.24,56.65,69.53
623.5,63.24,56.65,69.53
623.75,63.24,56.61,69.52
624.0,63.24,56.61,69.52
624.25,63.24,56.61,69.52
624.5,63.24,56.61,69.52
624.75,63.24,56.62,69.5
625.0,63.24,56.62,69.5
625.25,63.24,56.62,69.5
625.5,63.24,56.62,69.5
625.75,63.24,56.58,69.48
626.0,63.24,56.58,69.48
626.25,63.24,56.58,69.48
626.5,63.24,56.57,69.47
626.75,63.24,56.57,69.47
627.0,63.24,56.57,69.47
627.25,63.24,56.57,69.47
627.5,63.24,56.57,69.47
627.75,63.24,56.55,69.45
628.0,63.24,56.55,69.45
628.25,63.24,56.55,69.45
628.5,63.24,56.55,69.45
628.75,63.24,56.54,69.44
629.0,63.24,56.54,69.44
629.25,63.24,56.54,69.44
629.5,63.24,56.54,69.44
629.75,63.24,56.53,69.42
630.0,63.24,56.53,69.42
630.25,63.24,56.53,69.42
630.5,63.24,56.53,69.42
630.75,63.24,56.51,69.41
631.0,63.24,56.51,69.41
631.25,63.24,56.51,69.41
631.5,63.24,56.51,69.41
631.75,63.24,56.49,69.4
632.0,63.24,56.49,69.4
632.25,63.24,56.49,69.4
632.5,63.24,56.49,69.4
632.75,63.24,56.47,69.38
633.0,63.24,56.47,69.38
633.25,63.24,56.47,69.38
633.5,63.24,56.47,69.38
633.75,63.24,56.46,69.37
634.0,63.24,56.46,69.37
634.25,63.24,56.46,69.37
634.5,63.24,56.46,69.37
634.75,63.24,56.45,69.36
635.0,63.24,56.45,69.36
635.25,63.24,56.45,69.36
635.5,63.24,56.45,69.36
635.75,63.24,56.44,69.35
636.0,63.24,56.44,69.35
636.25,63.24,56.44,69.35
636.5,63.24,56.44,69.35
636.75,63.24,56.42,69.34
637.0,63.24,56.42,69.34
637.25,63.24,56.42,69.34
637.5,63.24,56.42,69.34
637.75,63.24,56.41,69.33
638.0,63.24,56.41,69.33
638.25,63.24,56.41,69.33
638.5,63.24,56.41,69.33
638.75,63.24,56.4,69.32
639.0,63.24,56.4,69.32
639.25,63.24,56.4,69.32
639.5,63.24,56.4,69.32
639.75,63.24,56.38,69.31
640.0,63.24,56.38,69.31
640.25,63.24,56.38,69.31
640.5,63.24,56.38,69.31
640.75,63.24,56.37,69.3
641.0,63.24,56.37,69.3
641.25,63.24,56.37,69.3
641.5,63.24,56.37,69.3
641.75,63.24,56.37,69.3
642.0,63.24,56.37,69.29
642.25,63.24,56.37,69.29
642.5,63.24,56.37,69.29
642.75,63.24,56.37,69.29
643.0,63.24,56.35,69.28
643.25,63.24,56.35,69.28
643.5,63.24,56.35,69.28
643.75,63.24,56.35,69.28
644.0,63.24,56.33,69.27
644.25,63.24,56.33,69.27
644.5,63.24,56.33,69.27
644.75,63.24,56.33,69.27
645.0,63.24,56.32,69.26
645.25,63.24,56.32,69.26
645.5,63.24,56.32,69.26
645.75,63.24,56.32,69.26
646.0,63.24,56.31,69.24
646.25,63.24,56.31,69.24
646.5,63.24,56.31,69.24
646.75,63.24,56.31,69.24
647.0,63.24,56.3,69.23
647.25,63.24,56.3,69.23
647.5,63.24,56.3,69.23
647.75,63.24,56.3,69.23
648.0,63.24,56.28,69.21
648.25,63.24,56.28,69.21
648.5,63.24,56.28,69.21
648.75,63.24,56.28,69.21
649.0,63.24,56.27,69.2
649.25,63.24,56.27,69.2
649.5,63.24,56.27,69.2
649.75,63.24,56.27,69.2
650.0,63.24,56.27,69.2
650.25,63.24,56.27,69.19
650.5,63.24,56.27,69.19
650.75,63.24,56.27,69.19
651.0,63.24,56.26,69.18
651.25,63.24,56.26,69.18
651.5,63.24,56.26,69.18
651.75,63.24,56.26,69.18
652.0,63.24,56.24,69.17
652.25,63.24,56.24,69.17
652.5,63.24,56.24,69.17
652.75,63.24,56.24,69.17
653.0,63.24,56.22,69.16
653.25,63.24,56.22,69.16
653.5,63.24,56.22,69.16
653.75,63.24,56.22,69.16
654.0,63.24,56.22,69.16
654.25,63.24,56.22,69.14
654.5,63.24,56.22,69.14
654.75,63.24,56.22,69.14
655.0,63.24,56.21,69.13
655.25,63.24,56.21,69.13
655.5,63.24,56.21,69.13
655.75,63.24,56.21,69.13
656.0,63.24,56.21,69.13
656.25,63.24,56.2,69.12
656.5,63.24,56.2,69.12
656.75,63.24,56.2,69.12
657.0,63.24,56.2,69.12
657.25,63.24,56.18,69.11
657.5,63.24,56.18,69.11
657.75,63.24,56.18,69.11
658.0,63.24,56.18,69.11
658.25,63.24,56.18,69.1
658.5,63.24,56.18,69.1
658.75,63.24,56.18,69.1
659.0,63.24,56.18,69.1
659.25,63.24,56.16,69.09
659.5,63.24,56.16,69.09
659.75,63.24,56.16,69.09
660.0,63.24,56.16,69.09
660.25,63.24,56.16,69.08
660.5,63.24,56.16,69.08
660.75,63.24,56.16,69.08
661.0,63.24,56.16,69.08
661.25,63.24,56.14,69.07
661.5,63.24,56.14,69.07
661.75,63.24,56.14,69.07
662.0,63.24,56.14,69.07
662.25,63.24,56.13,69.06
662.5,63.24,56.13,69.06
662.75,63.24,56.13,69.06
663.0,63.24,56.13,69.06
663.25,63.24,56.12,69.04
663.5,63.24,56.12,69.04
663.75,63.24,56.12,69.04
664.0,63.24,56.12,69.04
664.25,63.24,56.11,69.03
664.5,63.24,56.11,69.03
664.75,63.24,56.11,69.03
665.0,63.24,56.11,69.03
665.25,63.24,56.1,69.02
665.5,63.24,56.1,69.02
665.75,63.24,56.1,69.02
666.0,63.24,56.1,69.02
666.25,63.24,56.09,69.01
666.5,63.24,56.09,69.01
666.75,63.24,56.09,69.01
667.0,63.24,56.09,69.01
667.25,63.24,56.08,69.0
667.5,63.24,56.08,69.0
667.75,63.24,56.08,69.0
668.0,63.24,56.08,69.0
668.25,63.24,56.07,68.99
668.5,63.24,56.07,68.99
668.75,63.24,56.07,68.99
669.0,63.24,56.07,68.99
669.25,63.24,56.06,68.97
669.5,63.24,56.06,68.97
669.75,63.24,56.06,68.97
670.0,63.24,56.06,68.97
670.25,63.24,56.06,68.97
670.5,63.24,56.04,68.96
670.75,63.24,56.04,68.96
671.0,63.24,56.04,68.96
671.25,63.24,56.04,68.96
671.5,63.24,56.04,68.95
671.75,63.24,56.04,68.95
672.0,63.24,56.04,68.95
672.25,63.24,56.04,68.95
672.5,63.24,56.04,68.94
672.75,63.24,56.04,68.94
673.0,63.24,56.04,68.94
673.25,63.24,56.04,68.94
673.5,63.24,56.02,68.93
673.75,63.24,56.02,68.93
674.0,63.24,56.02,68.93
674.25,63.24,56.02,68.93
674.5,63.24,56.0,68.92
674.75,63.24,56.0,68.92
675.0,63.24,56.0,68.92
675.25,63.24,56.0,68.92
675.5,63.24,56.01,68.92
675.75,63.24,56.01,68.92
676.0,63.24,56.01,68.92
676.25,63.24,56.01,68.92
676.5,63.24,56.02,68.93
676.75,63.24,56.02,68.93
677.0,63.24,56.02,68.93
677.25,63.24,56.02,68.93
677.5,63.24,56.04,68.95
677.75,63.24,56.04,68.95
678.0,63.24,56.04,68.95
678.25,63.24,56.04,68.95
678.5,63.24,56.04,68.95
678.75,63.24,56.07,68.99
679.0,63.24,56.07,68.99
679.25,63.24,56.07,68.99
679.5,63.24,56.07,68.99
679.75,63.24,56.11,69.04
680.0,63.24,56.11,69.04
680.25,63.24,56.11,69.04
680.5,63.24,56.11,69.04
680.75,63.24,56.16,69.1
681.0,63.24,56.16,69.1
681.25,63.24,56.16,69.1
681.5,63.24,56.16,69.1
681.75,63.24,56.21,69.18
682.0,63.24,56.21,69.18
682.25,63.24,56.21,69.18
682.5,63.24,56.21,69.18
682.75,63.24,56.28,69.27
683.0,63.24,56.28,69.27
683.25,63.24,56.28,69.27
683.5,63.24,56.28,69.27
683.75,63.24,56.33,69.37
684.0,63.24,56.33,69.37
684.25,63.24,56.33,69.37
684.5,63.24,56.33,69.37
684.75,63.24,56.4,69.48
685.0,63.24,56.4,69.48
685.25,63.24,56.4,69.48
685.5,63.24,56.4,69.48
685.75,63.24,56.46,69.59
686.0,63.24,56.46,69.59
686.25,63.24,56.46,69.59
686.5,63.24,56.46,69.59
686.75,63.24,56.52,69.71
687.0,63.24,56.52,69.71
687.25,63.24,56.52,69.71
687.5,63.24,56.52,69.71
687.75,63.24,56.58,69.83
688.0,63.24,56.58,69.83
688.25,63.24,56.58,69.83
688.5,63.24,56.58,69.83
688.75,63.24,56.62,69.97
689.0,63.24,56.62,69.97
689.25,63.24,56.62,69.97
689.5,63.24,56.62,69.97
689.75,63.24,56.68,70.07
690.0,63.24,56.68,70.07
690.25,63.24,56.68,70.07
690.5,63.24,56.68,70.07
690.75,63.24,56.68,70.07
691.0,63.24,56.73,70.17
691.25,63.24,56.73,70.17
691.5,63.24,56.73,70.17
691.75,63.24,56.77,70.25
692.0,63.24,56.77,70.25
692.25,63.24,56.77,70.25
692.5,63.24,56.77,70.25
692.75,63.24,56.82,70.33
693.0,63.24,56.82,70.33
693.25,63.24,56.82,70.33
693.5,63.24,56.82,70.33
693.75,50.01,56.82,70.42
694.0,50.01,56.82,70.42
694.25,50.01,56.82,70.42
694.5,50.01,56.82,70.42
694.75,50.01,56.75,70.54
695.0,50.01,56.75,70.54
695.25,50.01,56.75,70.54
695.5,50.01,56.75,70.54
695.75,50.01,56.75,70.54
696.0,50.01,56.71,70.65
696.25,50.01,56.71,70.65
696.5,50.01,56.71,70.65
696.75,50.01,56.71,70.65
697.0,50.01,56.65,70.74
697.25,50.01,56.65,70.74
697.5,50.01,56.65,70.74
697.75,50.01,56.65,70.74
698.0,50.01,56.62,70.83
698.25,50.01,56.62,70.83
698.5,50.01,56.62,70.83
698.75,50.01,56.62,70.83
699.0,50.01,56.57,70.91
699.25,50.01,56.57,70.91
699.5,50.01,56.57,70.91
699.75,50.01,56.57,70.91
700.0,50.01,56.52,70.98
700.25,50.01,56.52,70.98
700.5,50.01,56.52,70.98
700.75,50.01,56.52,70.98
701.0,50.01,56.49,71.06
701.25,50.01,56.49,71.06
701.5,50.01,56.49,71.06
701.75,50.01,56.49,71.06
702.0,50.01,56.44,71.11
702.25,50.01,56.44,71.11
702.5,50.01,56.44,71.11
702.75,50.01,56.44,71.11
703.0,50.01,56.41,71.16
703.25,50.01,56.41,71.16
703.5,50.01,56.41,71.16
703.75,50.01,56.41,71.16
704.0,50.01,56.37,71.21
704.25,50.01,56.37,71.21
704.5,50.01,56.37,71.21
704.75,50.01,56.37,71.21
705.0,50.01,56.37,71.21
705.25,50.01,56.34,71.24
705.5,50.01,56.34,71.24
705.75,50.01,56.34,71.24
706.0,50.01,56.3,71.25
706.25,50.01,56.3,71.25
706.5,50.01,56.3,71.25
706.75,50.01,56.3,71.25
707.0,50.01,56.26,71.21
707.25,50.01,56.26,71.21
707.5,50.01,56.26,71.21
707.75,50.01,56.26,71.21
708.0,50.01,56.22,71.17
708.25,50.01,56.22,71.17
708.5,50.01,56.22,71.17
708.75,50.01,56.22,71.17
709.0,50.01,56.2,71.13
709.25,50.01,56.2,71.13
709.5,50.01,56.2,71.13
709.75,50.01,56.2,71.13
710.0,50.01,56.2,71.13
710.25,50.01,56.16,71.09
710.5,50.01,56.16,71.09
710.75,50.01,56.16,71.09
711.0,50.01,56.16,71.09
711.25,50.01,56.13,71.05
711.5,50.01,56.13,71.05
711.75,50.01,56.13,71.05
712.0,50.01,56.13,71.05
712.25,50.01,56.1,71.01
712.5,50.01,56.1,71.01
712.75,50.01,56.1,71.01
713.0,50.01,56.1,71.01
713.25,0.0,56.08,70.97
713.5,0.0,56.08,70.97
713.75,0.0,56.08,70.97
714.0,0.0,56.08,70.97
714.25,0.0,55.17,71.56
714.5,0.0,55.17,71.56
714.75,0.0,55.17,71.56
715.0,0.0,55.17,71.56
715.25,0.0,55.17,71.56
715.5,0.0,54.06,72.24
715.75,0.0,54.06,72.24
716.0,0.0,54.06,72.24
716.25,0.0,53.01,72.92
716.5,0.0,53.01,72.92
716.75,0.0,53.01,72.92
717.0,0.0,53.01,72.92
717.25,0.0,53.01,72.92
717.5,0.0,51.99,73.58
717.75,0.0,51.99,73.58
718.0,0.0,51.99,73.58
718.25,0.0,51.1,74.23
718.5,0.0,51.1,74.23
718.75,0.0,51.1,74.23
719.0,0.0,51.1,74.23
719.25,0.0,51.1,74.23
719.5,0.0,50.18,74.87
719.75,0.0,50.18,74.87
720.0,0.0,50.18,74.87
720.25,0.0,50.18,74.87
720.5,0.0,49.21,75.51
720.75,0.0,49.21,75.51
721.0,0.0,49.21,75.51
721.25,0.0,49.21,75.51
721.5,0.0,48.62,76.14
721.75,0.0,48.62,76.14
722.0,0.0,48.62,76.14
722.25,0.0,48.62,76.14
722.5,0.0,47.56,76.77
722.75,0.0,47.56,76.77
723.0,0.0,47.56,76.77
723.25,0.0,47.56,76.77
723.5,0.0,46.85,77.39
723.75,0.0,46.85,77.39
724.0,0.0,46.85,77.39
724.25,0.0,46.85,77.39
724.5,0.0,46.12,78.01
724.75,0.0,46.12,78.01
725.0,0.0,46.12,78.01
725.25,0.0,46.12,78.01
725.5,0.0,45.48,78.63
725.75,0.0,45.48,78.63
726.0,0.0,45.48,78.63
726.25,0.0,45.48,78.63
726.5,0.0,44.79,78.94
726.75,0.0,44.79,78.94
727.0,0.0,44.79,78.94
727.25,0.0,44.79,78.94
727.5,0.0,44.14,78.83
727.75,0.0,44.14,78.83
728.0,0.0,44.14,78.83
728.25,0.0,44.14,78.83
728.5,0.0,43.48,78.73
728.75,0.0,43.48,78.73
729.0,0.0,43.48,78.73
729.25,0.0,43.48,78.73
729.5,0.0,43.48,78.73
729.75,0.0,42.92,78.64
730.0,0.0,42.92,78.64
730.25,0.0,42.92,78.64
730.5,0.0,42.25,78.55
730.75,0.0,42.25,78.55
731.0,0.0,42.25,78.55
731.25,0.0,42.25,78.55
731.5,0.0,42.01,78.48
731.75,0.0,42.01,78.48
732.0,0.0,42.01,78.48
732.25,0.0,42.01,78.48
732.5,0.0,41.15,78.41
732.75,0.0,41.15,78.41
733.0,0.0,41.15,78.41
733.25,0.0,41.15,78.41
733.5,0.0,41.15,78.41
733.75,0.0,40.65,78.35
734.0,0.0,40.65,78.35
734.25,0.0,40.65,78.35
734.5,0.0,40.65,78.35
734.75,0.0,40.1,78.29
735.0,0.0,40.1,78.29
735.25,0.0,40.1,78.29
735.5,0.0,40.1,78.29
735.75,0.0,39.57,78.23
736.0,0.0,39.57,78.23
736.25,0.0,39.57,78.23
736.5,0.0,39.57,78.23
736.75,0.0,39.05,78.18
737.0,0.0,39.05,78.18
737.25,0.0,39.05,78.18
737.5,0.0,39.05,78.18
737.75,0.0,38.69,78.13
738.0,0.0,38.69,78.13
738.25,0.0,38.69,78.13
738.5,0.0,38.69,78.13
738.75,0.0,38.04,78.09
739.0,0.0,38.04,78.09
739.25,0.0,38.04,78.09
739.5,0.0,38.04,78.09
739.75,0.0,37.61,78.04
740.0,0.0,37.61,78.04
740.25,0.0,37.61,78.04
740.5,0.0,37.61,78.04
740.75,0.0,37.09,77.99
741.0,0.0,37.09,77.99
741.25,0.0,37.09,77.99
741.5,0.0,37.09,77.99
741.75,0.0,36.62,77.95
742.0,0.0,36.62,77.95
742.25,0.0,36.62,77.95
742.5,0.0,36.62,77.95
742.75,0.0,36.62,77.95
743.0,0.0,36.21,77.91
743.25,0.0,36.21,77.91
743.5,0.0,36.21,77.91
743.75,0.0,36.21,77.91
744.0,0.0,35.71,77.88
744.25,0.0,35.71,77.88
744.5,0.0,35.71,77.88
744.75,0.0,35.71,77.88
745.0,0.0,35.32,77.85
745.25,0.0,35.32,77.85
745.5,0.0,35.32,77.85
745.75,0.0,35.32,77.85
746.0,0.0,34.88,77.81
746.25,0.0,34.88,77.81
746.5,0.0,34.88,77.81
746.75,0.0,34.88,77.81
747.0,0.0,34.46,77.78
747.25,0.0,34.46,77.78
747.5,0.0,34.46,77.78
747.75,0.0,34.46,77.78
748.0,0.0,34.09,77.75
748.25,0.0,34.09,77.75
748.5,0.0,34.09,77.75
748.75,0.0,34.09,77.75
749.0,0.0,33.68,77.73
749.25,0.0,33.68,77.73
749.5,0.0,33.68,77.73
749.75,0.0,33.68,77.73
750.0,0.0,33.27,77.7
750.25,0.0,33.27,77.7
750.5,0.0,33.27,77.7
750.75,0.0,33.27,77.7
751.0,0.0,32.88,77.68
751.25,0.0,32.88,77.68
751.5,0.0,32.88,77.68
751.75,0.0,32.88,77.68
752.0,0.0,32.5,77.65
752.25,0.0,32.5,77.65
752.5,0.0,32.5,77.65
752.75,0.0,32.5,77.65
753.0,0.0,32.27,77.63
753.25,0.0,32.27,77.63
753.5,0.0,32.27,77.63
753.75,0.0,32.27,77.63
754.0,0.0,31.74,77.6
754.25,0.0,31.74,77.6
754.5,0.0,31.74,77.6
754.75,0.0,31.74,77.6
755.0,0.0,31.48,77.58
755.25,0.0,31.48,77.58
755.5,0.0,31.48,77.58
755.75,0.0,31.48,77.58
756.0,0.0,31.05,77.56
756.25,0.0,31.05,77.56
756.5,0.0,31.05,77.56
756.75,0.0,31.05,77.56
757.0,0.0,30.69,77.54
757.25,0.0,30.69,77.54
757.5,0.0,30.69,77.54
757.75,0.0,30.69,77.54
758.0,0.0,30.69,77.54
758.25,0.0,30.34,77.52
758.5,0.0,30.34,77.52
758.75,0.0,30.34,77.52
759.0,0.0,30.34,77.52
759.25,0.0,30.03,77.5
759.5,0.0,30.03,77.5
759.75,0.0,30.03,77.5
760.0,0.0,30.03,77.5
760.25,0.0,29.68,77.48
760.5,0.0,29.68,77.48
760.75,0.0,29.68,77.48
761.0,0.0,29.68,77.48
761.25,0.0,29.34,77.47
761.5,0.0,29.34,77.47
761.75,0.0,29.34,77.47
762.0,0.0,29.34,77.47
762.25,0.0,29.01,77.45
762.5,0.0,29.01,77.45
762.75,0.0,29.01,77.45
763.0,0.0,29.01,77.45
763.25,0.0,28.7,77.43
763.5,0.0,28.7,77.43
763.75,0.0,28.7,77.43
764.0,0.0,28.7,77.43
764.25,0.0,28.41,77.41
764.5,0.0,28.41,77.41
764.75,0.0,28.41,77.41
765.0,0.0,28.41,77.41
765.25,0.0,28.06,77.4
765.5,0.0,28.06,77.4
765.75,0.0,28.06,77.4
766.0,0.0,28.06,77.4
766.25,0.0,27.81,77.38
766.5,0.0,27.81,77.38
766.75,0.0,27.81,77.38
767.0,0.0,27.81,77.38
767.25,0.0,27.47,77.36
767.5,0.0,27.47,77.36
767.75,0.0,27.47,77.36
768.0,0.0,27.47,77.36
768.25,0.0,27.21,77.34
768.5,0.0,27.21,77.34
768.75,0.0,27.21,77.34
769.0,0.0,27.21,77.34
769.25,0.0,26.88,77.33
769.5,0.0,26.88,77.33
769.75,0.0,26.88,77.33
770.0,0.0,26.88,77.33
770.25,0.0,26.67,77.31
770.5,0.0,26.67,77.31
770.75,0.0,26.67,77.31
771.0,0.0,26.67,77.31
771.25,0.0,26.33,77.3
771.5,0.0,26.33,77.3
771.75,0.0,26.33,77.3
772.0,0.0,26.33,77.3
772.25,0.0,26.05,77.28
772.5,0.0,26.05,77.28
772.75,0.0,26.05,77.28
773.0,0.0,26.05,77.28
773.25,0.0,25.8,77.26
773.5,0.0,25.8,77.26
773.75,0.0,25.8,77.26
774.0,0.0,25.8,77.26
774.25,0.0,25.5,77.25
774.5,0.0,25.5,77.25
774.75,0.0,25.5,77.25
775.0,0.0,25.5,77.25
775.25,0.0,25.5,77.25
775.5,0.0,25.22,77.24
775.75,0.0,25.22,77.24
776.0,0.0,25.22,77.24
776.25,0.0,25.22,77.24
776.5,0.0,24.96,77.22
776.75,0.0,24.96,77.22
777.0,0.0,24.96,77.22
777.25,0.0,24.96,77.22
777.5,0.0,24.72,77.21
777.75,0.0,24.72,77.21
778.0,0.0,24.72,77.21
778.25,0.0,24.72,77.21
778.5,0.0,24.46,77.19
778.75,0.0,24.46,77.19
779.0,0.0,24.46,77.19
779.25,0.0,24.46,77.19
779.5,0.0,24.21,77.18
779.75,0.0,24.21,77.18
780.0,0.0,24.21,77.18
780.25,0.0,24.21,77.18
780.5,0.0,23.98,77.16
780.75,0.0,23.98,77.16
781.0,0.0,23.98,77.16
781.25,0.0,23.98,77.16
781.5,0.0,23.79,77.15
781.75,0.0,23.79,77.15
782.0,0.0,23.79,77.15
782.25,0.0,23.79,77.15
782.5,0.0,23.49,77.13
782.75,0.0,23.49,77.13
783.0,0.0,23.49,77.13
783.25,0.0,23.49,77.13
783.5,0.0,23.26,77.12
783.75,0.0,23.26,77.12
784.0,0.0,23.26,77.12
784.25,0.0,23.26,77.12
784.5,0.0,23.26,77.12
784.75,0.0,23.02,77.1
785.0,0.0,23.02,77.1
785.25,0.0,23.02,77.1
785.5,0.0,22.86,77.09
785.75,0.0,22.86,77.09
786.0,0.0,22.86,77.09
786.25,0.0,22.86,77.09
786.5,0.0,22.63,77.07
786.75,0.0,22.63,77.07
787.0,0.0,22.63,77.07
787.25,0.0,22.63,77.07
787.5,0.0,22.35,77.06
787.75,0.0,22.35,77.06
788.0,0.0,22.35,77.06
788.25,0.0,22.35,77.06
788.5,0.0,22.17,77.05
788.75,0.0,22.17,77.05
789.0,0.0,22.17,77.05
789.25,0.0,22.17,77.05
789.5,0.0,21.95,77.03
789.75,0.0,21.95,77.03
790.0,0.0,21.95,77.03
790.25,0.0,21.95,77.03
790.5,0.0,21.95,77.03
790.75,0.0,21.74,77.02
791.0,0.0,21.74,77.02
791.25,0.0,21.74,77.02
791.5,0.0,21.74,77.02
791.75,0.0,21.55,77.0
792.0,0.0,21.55,77.0
792.25,0.0,21.55,77.0
792.5,0.0,21.55,77.0
792.75,0.0,21.32,76.99
793.0,0.0,21.32,76.99
793.25,0.0,21.32,76.99
793.5,0.0,21.32,76.99
793.75,0.0,21.11,76.98
794.0,0.0,21.11,76.98
794.25,0.0,21.11,76.98
794.5,0.0,21.11,76.98
794.75,0.0,20.91,76.96
795.0,0.0,20.91,76.96
795.25,0.0,20.91,76.96
795.5,0.0,20.91,76.96
795.75,0.0,20.72,76.95
796.0,0.0,20.72,76.95
796.25,0.0,20.72,76.95
796.5,0.0,20.72,76.95
796.75,0.0,20.55,76.93
797.0,0.0,20.55,76.93
797.25,0.0,20.55,76.93
797.5,0.0,20.55,76.93
797.75,0.0,20.55,76.93
798.0,0.0,20.37,76.92
798.25,0.0,20.37,76.92
798.5,0.0,20.37,76.92
798.75,0.0,20.37,76.92
799.0,0.0,20.14,76.9
799.25,0.0,20.14,76.9
799.5,0.0,20.14,76.9
799.75,0.0,19.96,76.89
800.0,0.0,19.96,76.89
800.25,0.0,19.96,76.89
800.5,0.0,19.96,76.89
800.75,0.0,19.96,76.89
801.0,0.0,19.81,76.87
801.25,0.0,19.81,76.87
801.5,0.0,19.81,76.87
801.75,0.0,19.81,76.87
802.0,0.0,19.62,76.86
802.25,0.0,19.62,76.86
802.5,0.0,19.62,76.86
802.75,0.0,19.62,76.86
803.0,0.0,19.44,76.85
803.25,0.0,19.44,76.85
803.5,0.0,19.44,76.85
803.75,0.0,19.44,76.85
804.0,0.0,19.26,76.83
804.25,0.0,19.26,76.83
804.5,0.0,19.26,76.83
804.75,0.0,19.26,76.83
805.0,0.0,19.1,76.82
805.25,0.0,19.1,76.82
805.5,0.0,19.1,76.82
805.75,0.0,19.1,76.82
806.0,0.0,18.94,76.8
806.25,0.0,18.94,76.8
806.5,0.0,18.94,76.8
806.75,0.0,18.94,76.8
807.0,0.0,18.78,76.78
807.25,0.0,18.78,76.78
807.5,0.0,18.78,76.78
807.75,0.0,18.78,76.78
808.0,0.0,18.63,76.77
808.25,0.0,18.63,76.77
808.5,0.0,18.63,76.77
808.75,0.0,18.63,76.77
809.0,0.0,18.43,76.75
809.25,0.0,18.43,76.75
809.5,0.0,18.43,76.75
809.75,0.0,18.43,76.75
810.0,0.0,18.28,76.74
810.25,0.0,18.28,76.74
810.5,0.0,18.28,76.74
810.75,0.0,18.28,76.74
811.0,0.0,18.17,76.73
811.25,0.0,18.17,76.73
811.5,0.0,18.17,76.73
811.75,0.0,18.17,76.73
812.0,0.0,17.99,76.71
812.25,0.0,17.99,76.71
812.5,0.0,17.99,76.71
812.75,0.0,17.99,76.71
813.0,0.0,17.85,76.7
813.25,0.0,17.85,76.7
813.5,0.0,17.85,76.7
813.75,0.0,17.85,76.7
814.0,0.0,17.71,76.68
814.25,0.0,17.71,76.68
814.5,0.0,17.71,76.68
814.75,0.0,17.71,76.68
815.0,0.0,17.71,76.68
815.25,0.0,17.57,76.67
815.5,0.0,17.57,76.67
815.75,0.0,17.57,76.67
816.0,0.0,17.57,76.67
816.25,0.0,17.41,76.65
816.5,0.0,17.41,76.65
816.75,0.0,17.41,76.65
817.0,0.0,17.41,76.65
817.25,0.0,17.29,76.64
817.5,0.0,17.29,76.64
817.75,0.0,17.29,76.64
818.0,0.0,17.29,76.64
818.25,0.0,17.13,76.62
818.5,0.0,17.13,76.62
818.75,0.0,17.13,76.62
819.0,0.0,17.13,76.62
819.25,0.0,17.01,76.61
819.5,0.0,17.01,76.61
819.75,0.0,17.01,76.61
820.0,0.0,17.01,76.61
820.25,0.0,16.86,76.59
820.5,0.0,16.86,76.59
820.75,0.0,16.86,76.59
821.0,0.0,16.86,76.59
821.25,0.0,16.75,76.57
821.5,0.0,16.75,76.57
821.75,0.0,16.75,76.57
822.0,0.0,16.75,76.57
822.25,0.0,16.61,76.56
822.5,0.0,16.61,76.56
822.75,0.0,16.61,76.56
823.0,0.0,16.61,76.56
823.25,0.0,16.51,76.54
823.5,0.0,16.51,76.54
823.75,0.0,16.51,76.54
824.0,0.0,16.51,76.54
824.25,0.0,16.36,76.53
824.5,0.0,16.36,76.53
824.75,0.0,16.36,76.53
825.0,0.0,16.36,76.53
825.25,0.0,16.36,76.53
825.5,0.0,16.25,76.51
825.75,0.0,16.25,76.51
826.0,0.0,16.25,76.51
826.25,0.0,16.25,76.51
826.5,0.0,16.14,76.49
826.75,0.0,16.14,76.49
827.0,0.0,16.14,76.49
827.25,0.0,16.14,76.49
827.5,0.0,16.0,76.48
827.75,0.0,16.0,76.48
828.0,0.0,16.0,76.48
828.25,0.0,15.9,76.48
828.5,0.0,15.9,76.48
828.75,0.0,15.9,76.48
829.0,0.0,15.9,76.48
829.25,0.0,15.79,76.5
829.5,0.0,15.79,76.5
829.75,0.0,15.79,76.5
830.0,0.0,15.79,76.5
830.25,0.0,15.71,76.54
830.5,0.0,15.71,76.54
830.75,0.0,15.71,76.54
831.0,0.0,15.71,76.54
831.25,0.0,15.57,76.6
831.5,0.0,15.57,76.6
831.75,0.0,15.57,76.6
832.0,0.0,15.57,76.6
832.25,0.0,15.57,76.6
832.5,0.0,15.46,76.68
832.75,0.0,15.46,76.68
833.0,0.0,15.46,76.68
833.25,0.0,15.46,76.68
833.5,0.0,15.36,76.77
833.75,0.0,15.36,76.77
834.0,0.0,15.36,76.77
834.25,0.0,15.36,76.77
834.5,0.0,15.26,76.88
834.75,0.0,15.26,76.88
835.0,0.0,15.26,76.88
835.25,0.0,15.26,76.88
835.5,0.0,15.2,77.0
835.75,0.0,15.2,77.0
836.0,0.0,15.2,77.0
836.25,0.0,15.2,77.0
836.5,0.0,15.08,77.16
836.75,0.0,15.08,77.16
837.0,0.0,15.08,77.16
837.25,0.0,15.08,77.16
837.5,0.0,14.98,77.3
837.75,0.0,14.98,77.3
838.0,0.0,14.98,77.3
838.25,0.0,14.98,77.3
838.5,0.0,14.9,77.45
838.75,0.0,14.9,77.45
839.0,0.0,14.9,77.45
839.25,0.0,14.9,77.45
839.5,0.0,14.81,77.6
839.75,0.0,14.81,77.6
840.0,0.0,14.81,77.6
840.25,0.0,14.81,77.6
840.5,0.0,14.74,77.75
840.75,0.0,14.74,77.75
841.0,0.0,14.74,77.75
841.25,0.0,14.74,77.75
841.5,0.0,14.62,77.89
841.75,0.0,14.62,77.89
842.0,0.0,14.62,77.89
842.25,0.0,14.62,77.89
842.5,0.0,14.55,78.01
842.75,0.0,14.55,78.01
843.0,0.0,14.55,78.01
843.25,0.0,14.55,78.01
843.5,0.0,14.47,78.11
843.75,0.0,14.47,78.11
844.0,0.0,14.47,78.11
844.25,0.0,14.47,78.11
844.5,0.0,14.47,78.11
844.75,0.0,14.38,78.21
845.0,0.0,14.38,78.21
845.25,0.0,14.38,78.21
845.5,0.0,14.38,78.21
845.75,0.0,14.3,78.28
846.0,0.0,14.3,78.28
846.25,0.0,14.3,78.28
846.5,0.0,14.3,78.28
846.75,0.0,14.22,78.35
847.0,0.0,14.22,78.35
847.25,0.0,14.22,78.35
847.5,0.0,14.22,78.35
847.75,0.0,14.14,78.4
848.0,0.0,14.14,78.4
848.25,0.0,14.14,78.4
848.5,0.0,14.14,78.4
848.75,0.0,14.07,78.45
849.0,0.0,14.07,78.45
849.25,0.0,14.07,78.45
849.5,0.0,14.07,78.45
849.75,0.0,14.0,78.49
850.0,0.0,14.0,78.49
850.25,0.0,14.0,78.49
850.5,0.0,14.0,78.49
850.75,0.0,13.93,78.52
851.0,0.0,13.93,78.52
851.25,0.0,13.93,78.52
851.5,0.0,13.93,78.52
851.75,0.0,13.85,78.54
852.0,0.0,13.85,78.54
852.25,0.0,13.85,78.54
852.5,0.0,13.85,78.54
852.75,0.0,13.77,78.55
853.0,0.0,13.77,78.55
853.25,0.0,13.77,78.55
853.5,0.0,13.77,78.55
853.75,0.0,13.7,78.55
854.0,0.0,13.7,78.55
854.25,0.0,13.7,78.55
854.5,0.0,13.7,78.55
854.75,0.0,13.63,78.55
855.0,0.0,13.63,78.55
855.25,0.0,13.63,78.55
855.5,0.0,13.63,78.55
855.75,0.0,13.58,78.54
856.0,0.0,13.58,78.54
856.25,0.0,13.58,78.54
856.5,0.0,13.58,78.54
856.75,0.0,13.58,78.54
857.0,0.0,13.49,78.52
857.25,0.0,13.49,78.52
857.5,0.0,13.49,78.52
857.75,0.0,13.43,78.49
858.0,0.0,13.43,78.49
858.25,0.0,13.43,78.49
858.5,0.0,13.43,78.49
858.75,0.0,13.37,78.47
859.0,0.0,13.37,78.47
859.25,0.0,13.37,78.47
859.5,0.0,13.37,78.47
859.75,0.0,13.37,78.47
860.0,0.0,13.29,78.44
860.25,0.0,13.29,78.44
860.5,0.0,13.29,78.44
860.75,0.0,13.29,78.44
861.0,0.0,13.23,78.41
861.25,0.0,13.23,78.41
861.5,0.0,13.23,78.41
861.75,0.0,13.23,78.41
862.0,0.0,13.17,78.38
862.25,0.0,13.17,78.38
862.5,0.0,13.17,78.38
862.75,0.0,13.17,78.38
863.0,0.0,13.11,78.35
863.25,0.0,13.11,78.35
863.5,0.0,13.11,78.35
863.75,0.0,13.11,78.35
864.0,0.0,13.05,78.31
864.25,0.0,13.05,78.31
864.5,0.0,13.05,78.31
864.75,0.0,13.05,78.31
865.0,0.0,12.98,78.28
865.25,0.0,12.98,78.28
865.5,0.0,12.98,78.28
865.75,0.0,12.98,78.28
866.0,0.0,12.93,78.25
866.25,0.0,12.93,78.25
866.5,0.0,12.93,78.25
866.75,0.0,12.93,78.25
867.0,0.0,12.93,78.25
867.25,0.0,12.86,78.22
867.5,0.0,12.86,78.22
867.75,0.0,12.86,78.22
868.0,0.0,12.86,78.22
868.25,0.0,12.8,78.19
868.5,0.0,12.8,78.19
868.75,0.0,12.8,78.19
869.0,0.0,12.75,78.17
869.25,0.0,12.75,78.17
869.5,0.0,12.75,78.17
869.75,0.0,12.75,78.17
870.0,0.0,12.75,78.17
870.25,0.0,12.7,78.14
870.5,0.0,12.7,78.14
870.75,0.0,12.7,78.14
871.0,0.0,12.7,78.14
871.25,0.0,12.64,78.12
871.5,0.0,12.64,78.12
871.75,0.0,12.64,78.12
872.0,0.0,12.64,78.12
872.25,0.0,12.6,78.09
872.5,0.0,12.6,78.09
872.75,0.0,12.6,78.09
873.0,0.0,12.6,78.09
873.25,0.0,12.53,78.07
873.5,0.0,12.53,78.07
873.75,0.0,12.53,78.07
874.0,0.0,12.53,78.07
874.25,0.0,12.48,78.04
874.5,0.0,12.48,78.04
874.75,0.0,12.48,78.04
875.0,0.0,12.48,78.04
875.25,0.0,12.43,78.02
875.5,0.0,12.43,78.02
875.75,0.0,12.43,78.02
876.0,0.0,12.43,78.02
876.25,0.0,12.38,77.99
876.5,0.0,12.38,77.99
876.75,0.0,12.38,77.99
877.0,0.0,12.38,77.99
877.25,0.0,12.34,77.97
877.5,0.0,12.34,77.97
877.75,0.0,12.34,77.97
878.0,0.0,12.34,77.97
878.25,0.0,12.28,77.94
878.5,0.0,12.28,77.94
878.75,0.0,12.28,77.94
879.0,0.0,12.28,77.94
879.25,0.0,12.24,77.92
879.5,0.0,12.24,77.92
879.75,0.0,12.24,77.92
880.0,0.0,12.24,77.92
880.25,0.0,12.19,77.89
880.5,0.0,12.19,77.89
880.75,0.0,12.19,77.89
881.0,0.0,12.19,77.89
881.25,0.0,12.19,77.89
881.5,0.0,12.13,77.87
881.75,0.0,12.13,77.87
882.0,0.0,12.13,77.87
882.25,0.0,12.13,77.87
882.5,0.0,12.09,77.85
882.75,0.0,12.09,77.85
883.0,0.0,12.09,77.85
883.25,0.0,12.09,77.85
883.5,0.0,12.05,77.82
883.75,0.0,12.05,77.82
884.0,0.0,12.05,77.82
884.25,0.0,12.05,77.82
884.5,0.0,12.01,77.8
884.75,0.0,12.01,77.8
885.0,0.0,12.01,77.8
885.25,0.0,11.96,77.78
885.5,0.0,11.96,77.78
885.75,0.0,11.96,77.78
886.0,0.0,11.96,77.78
886.25,0.0,11.92,77.76
886.5,0.0,11.92,77.76
886.75,0.0,11.92,77.76
887.0,0.0,11.92,77.76
887.25,0.0,11.92,77.76
887.5,0.0,11.87,77.74
887.75,0.0,11.87,77.74
888.0,0.0,11.87,77.74
888.25,0.0,11.87,77.74
888.5,0.0,11.82,77.71
888.75,0.0,11.82,77.71
889.0,0.0,11.82,77.71
889.25,0.0,11.82,77.71
889.5,0.0,11.79,77.69
889.75,0.0,11.79,77.69
890.0,0.0,11.79,77.69
890.25,0.0,11.79,77.69
890.5,0.0,11.74,77.67
890.75,0.0,11.74,77.67
891.0,0.0,11.74,77.67
891.25,0.0,11.74,77.67
891.5,0.0,11.71,77.65
891.75,0.0,11.71,77.65
892.0,0.0,11.71,77.65
892.25,0.0,11.71,77.65
892.5,0.0,11.66,77.63
892.75,0.0,11.66,77.63
893.0,0.0,11.66,77.63
893.25,0.0,11.66,77.63
893.5,0.0,11.63,77.61
893.75,0.0,11.63,77.61
894.0,0.0,11.63,77.61
894.25,0.0,11.63,77.61
894.5,0.0,11.59,77.59
894.75,0.0,11.59,77.59
895.0,0.0,11.59,77.59
895.25,0.0,11.59,77.59
895.5,0.0,11.55,77.57
895.75,0.0,11.55,77.57
896.0,0.0,11.55,77.57
896.25,0.0,11.55,77.57
896.5,0.0,11.51,77.55
896.75,0.0,11.51,77.55
897.0,0.0,11.51,77.55
897.25,0.0,11.51,77.55
897.5,0.0,11.47,77.53
897.75,0.0,11.47,77.53
898.0,0.0,11.47,77.53
898.25,0.0,11.47,77.53
898.5,0.0,11.43,77.51
898.75,0.0,11.43,77.51
899.0,0.0,11.43,77.51
899.25,0.0,11.43,77.51
899.5,0.0,11.4,77.49
899.75,0.0,11.4,77.49
900.0,0.0,11.4,77.49
900.25,0.0,11.4,77.49
900.5,0.0,11.37,77.47
900.75,0.0,11.37,77.47
901.0,0.0,11.37,77.47
901.25,0.0,11.37,77.47
901.5,0.0,11.34,77.45
901.75,0.0,11.34,77.45
902.0,0.0,11.34,77.45
902.25,0.0,11.34,77.45
902.5,0.0,11.3,77.44
902.75,0.0,11.3,77.44
903.0,0.0,11.3,77.44
903.25,0.0,11.3,77.44
903.5,0.0,11.27,77.42
903.75,0.0,11.27,77.42
904.0,0.0,11.27,77.42
904.25,0.0,11.27,77.42
904.5,0.0,11.24,77.4
904.75,0.0,11.24,77.4
905.0,0.0,11.24,77.4
905.25,0.0,11.24,77.4
905.5,0.0,11.24,77.4
905.75,0.0,11.19,77.39
906.0,0.0,11.19,77.39
906.25,0.0,11.19,77.39
906.5,0.0,11.19,77.39
906.75,0.0,11.16,77.37
907.0,0.0,11.16,77.37
907.25,0.0,11.16,77.37
907.5,0.0,11.16,77.37
907.75,0.0,11.13,77.35
908.0,0.0,11.13,77.35
908.25,0.0,11.13,77.35
908.5,0.0,11.13,77.35
908.75,0.0,11.11,77.33
909.0,0.0,11.11,77.33
909.25,0.0,11.11,77.33
909.5,0.0,11.11,77.33
909.75,0.0,11.07,77.31
910.0,0.0,11.07,77.31
910.25,0.0,11.07,77.31
910.5,0.0,11.07,77.31
910.75,0.0,11.04,77.3
911.0,0.0,11.04,77.3
911.25,0.0,11.04,77.3
911.5,0.0,11.04,77.3
911.75,0.0,11.04,77.3
912.0,0.0,11.02,77.28
912.25,0.0,11.02,77.28
912.5,0.0,11.02,77.28
912.75,0.0,11.02,77.28
913.0,0.0,10.99,77.27
913.25,0.0,10.99,77.27
913.5,0.0,10.99,77.27
913.75,0.0,10.99,77.27
914.0,0.0,10.96,77.25
914.25,0.0,10.96,77.25
914.5,0.0,10.96,77.25
914.75,0.0,10.96,77.25
915.0,0.0,10.93,77.24
915.25,0.0,10.93,77.24
915.5,0.0,10.93,77.24
915.75,0.0,10.93,77.24
916.0,0.0,10.9,77.22
916.25,0.0,10.9,77.22
916.5,0.0,10.9,77.22
916.75,0.0,10.9,77.22
917.0,0.0,10.87,77.2
917.25,0.0,10.87,77.2
917.5,0.0,10.87,77.2
917.75,0.0,10.87,77.2
918.0,0.0,10.84,77.19
918.25,0.0,10.84,77.19
918.5,0.0,10.84,77.19
918.75,0.0,10.84,77.19
919.0,0.0,10.82,77.18
919.25,0.0,10.82,77.18
919.5,0.0,10.82,77.18
919.75,0.0,10.82,77.18
920.0,0.0,10.8,77.16
920.25,0.0,10.8,77.16
920.5,0.0,10.8,77.16
920.75,0.0,10.8,77.16
921.0,0.0,10.77,77.15
921.25,0.0,10.77,77.15
921.5,0.0,10.77,77.15
921.75,0.0,10.77,77.15
922.0,0.0,10.74,77.14
922.25,0.0,10.74,77.14
922.5,0.0,10.74,77.14
922.75,0.0,10.74,77.14
923.0,0.0,10.72,77.12
923.25,0.0,10.72,77.12
923.5,0.0,10.72,77.12
923.75,0.0,10.72,77.12
924.0,0.0,10.7,77.11
924.25,0.0,10.7,77.11
924.5,0.0,10.7,77.11
924.75,0.0,10.7,77.11
925.0,0.0,10.67,77.1
925.25,0.0,10.67,77.1
925.5,0.0,10.67,77.1
925.75,0.0,10.67,77.1
926.0,0.0,10.65,77.08
926.25,0.0,10.65,77.08
926.5,0.0,10.65,77.08
926.75,0.0,10.65,77.08
927.0,0.0,10.62,77.07
927.25,0.0,10.62,77.07
927.5,0.0,10.62,77.07
927.75,0.0,10.62,77.07
928.0,0.0,10.6,77.06
928.25,0.0,10.6,77.06
928.5,0.0,10.6,77.06
928.75,0.0,10.6,77.06
929.0,0.0,10.58,77.05
929.25,0.0,10.58,77.05
929.5,0.0,10.58,77.05
929.75,0.0,10.58,77.05
930.0,0.0,10.55,77.03
930.25,0.0,10.55,77.03
930.5,0.0,10.55,77.03
930.75,0.0,10.55,77.03
931.0,0.0,10.54,77.02
931.25,0.0,10.54,77.02
931.5,0.0,10.54,77.02
931.75,0.0,10.54,77.02
932.0,0.0,10.51,77.01
932.25,0.0,10.51,77.01
932.5,0.0,10.51,77.01
932.75,0.0,10.51,77.01
933.0,0.0,10.48,77.0
933.25,0.0,10.48,77.0
933.5,0.0,10.48,77.0
933.75,0.0,10.48,77.0
934.0,0.0,10.47,76.98
934.25,0.0,10.47,76.98
934.5,0.0,10.47,76.98
934.75,0.0,10.47,76.98
935.0,0.0,10.47,76.98
935.25,0.0,10.44,76.97
935.5,0.0,10.44,76.97
935.75,0.0,10.44,76.97
936.0,0.0,10.44,76.97
936.25,0.0,10.43,76.96
936.5,0.0,10.43,76.96
936.75,0.0,10.43,76.96
937.0,0.0,10.43,76.96
937.25,0.0,10.41,76.95
937.5,0.0,10.41,76.95
937.75,0.0,10.41,76.95
938.0,0.0,10.41,76.95
938.25,0.0,10.38,76.93
938.5,0.0,10.38,76.93
938.75,0.0,10.38,76.93
939.0,0.0,10.38,76.93
939.25,0.0,10.37,76.92
939.5,0.0,10.37,76.92
939.75,0.0,10.37,76.92
940.0,0.0,10.37,76.92
940.25,0.0,10.35,76.91
940.5,0.0,10.35,76.91
940.75,0.0,10.35,76.91
941.0,0.0,10.35,76.91
941.25,0.0,10.35,76.91
941.5,0.0,10.33,76.9
941.75,0.0,10.33,76.9
942.0,0.0,10.33,76.9
942.25,0.0,10.33,76.9
942.5,0.0,10.31,76.89
942.75,0.0,10.31,76.89
943.0,0.0,10.31,76.89
943.25,0.0,10.29,76.87
943.5,0.0,10.29,76.87
943.75,0.0,10.29,76.87
944.0,0.0,10.29,76.87
944.25,0.0,10.27,76.86
944.5,0.0,10.27,76.86
944.75,0.0,10.27,76.86
945.0,0.0,10.27,76.86
945.25,0.0,10.27,76.86
945.5,0.0,10.25,76.85
945.75,0.0,10.25,76.85
946.0,0.0,10.25,76.85
946.25,0.0,10.25,76.85
946.5,0.0,10.24,76.84
946.75,0.0,10.24,76.84
947.0,0.0,10.24,76.84
947.25,0.0,10.24,76.84
947.5,0.0,10.22,76.83
947.75,0.0,10.22,76.83
948.0,0.0,10.22,76.83
948.25,0.0,10.22,76.83
948.5,0.0,10.2,76.81
948.75,0.0,10.2,76.81
949.0,0.0,10.2,76.81
949.25,0.0,10.2,76.81
949.5,0.0,10.19,76.8
949.75,0.0,10.19,76.8
950.0,0.0,10.19,76.8
950.25,0.0,10.19,76.8
950.5,0.0,10.17,76.78
950.75,0.0,10.17,76.78
951.0,0.0,10.17,76.78
951.25,0.0,10.17,76.78
951.5,0.0,10.16,76.77
951.75,0.0,10.16,76.77
952.0,0.0,10.16,76.77
952.25,0.0,10.16,76.77
952.5,0.0,10.14,76.76
952.75,0.0,10.14,76.76
953.0,0.0,10.14,76.76
953.25,0.0,10.14,76.76
953.5,0.0,10.13,76.75
953.75,0.0,10.13,76.75
954.0,0.0,10.13,76.75
954.25,0.0,10.13,76.75
954.5,0.0,10.11,76.73
954.75,0.0,10.11,76.73
955.0,0.0,10.11,76.73
955.25,0.0,10.11,76.73
955.5,0.0,10.1,76.72
955.75,0.0,10.1,76.72
956.0,0.0,10.1,76.72
956.25,0.0,10.1,76.72
956.5,0.0,10.1,76.72
956.75,0.0,10.08,76.71
957.0,0.0,10.08,76.71
957.25,0.0,10.08,76.71
957.5,0.0,10.08,76.71
957.75,0.0,10.07,76.69
958.0,0.0,10.07,76.69
958.25,0.0,10.07,76.69
958.5,0.0,10.07,76.69
958.75,0.0,10.05,76.68
959.0,0.0,10.05,76.68
959.25,0.0,10.05,76.68
959.5,0.0,10.05,76.68
959.75,0.0,10.03,76.67
960.0,0.0,10.03,76.67
960.25,0.0,10.03,76.67
960.5,0.0,10.03,76.67
960.75,0.0,10.02,76.65
961.0,0.0,10.02,76.65
961.25,0.0,10.02,76.65
961.5,0.0,10.02,76.65
961.75,0.0,10.0,76.64
962.0,0.0,10.0,76.64
962.25,0.0,10.0,76.64
962.5,0.0,10.0,76.64
962.75,0.0,9.99,76.63
963.0,0.0,9.99,76.63
963.25,0.0,9.99,76.63
963.5,0.0,9.99,76.63
963.75,0.0,9.97,76.61
964.0,0.0,9.97,76.61
964.25,0.0,9.97,76.61
964.5,0.0,9.97,76.61
964.75,0.0,9.96,76.6
965.0,0.0,9.96,76.6
965.25,0.0,9.96,76.6
965.5,0.0,9.96,76.6
965.75,0.0,9.96,76.59
966.0,0.0,9.96,76.59
966.25,0.0,9.96,76.59
966.5,0.0,9.96,76.59
966.75,0.0,9.94,76.57
967.0,0.0,9.94,76.57
967.25,0.0,9.94,76.57
967.5,0.0,9.94,76.57
967.75,0.0,9.93,76.56
968.0,0.0,9.93,76.56
968.25,0.0,9.93,76.56
968.5,0.0,9.93,76.56
968.75,0.0,9.91,76.54
969.0,0.0,9.91,76.54
969.25,0.0,9.91,76.54
969.5,0.0,9.91,76.54
969.75,0.0,9.9,76.53
970.0,0.0,9.9,76.53
970.25,0.0,9.9,76.53
970.5,0.0,9.9,76.53
970.75,0.0,9.89,76.52
971.0,0.0,9.89,76.52
971.25,0.0,9.89,76.52
971.5,0.0,9.89,76.52
971.75,0.0,9.88,76.5
972.0,0.0,9.88,76.5
972.25,0.0,9.88,76.5
972.5,0.0,9.88,76.5
972.75,0.0,9.88,76.5
973.0,0.0,9.86,76.49
973.25,0.0,9.86,76.49
973.5,0.0,9.86,76.49
973.75,0.0,9.85,76.48
974.0,0.0,9.85,76.48
974.25,0.0,9.85,76.48
974.5,0.0,9.85,76.48
974.75,0.0,9.85,76.48
975.0,0.0,9.84,76.46
975.25,0.0,9.84,76.46
975.5,0.0,9.84,76.46
975.75,0.0,9.84,76.46
976.0,0.0,9.83,76.45
976.25,0.0,9.83,76.45
976.5,0.0,9.83,76.45
976.75,0.0,9.83,76.45
977.0,0.0,9.82,76.43
977.25,0.0,9.82,76.43
977.5,0.0,9.82,76.43
977.75,0.0,9.82,76.43
978.0,0.0,9.8,76.42
978.25,0.0,9.8,76.42
978.5,0.0,9.8,76.42
978.75,0.0,9.8,76.42
979.0,0.0,9.8,76.41
979.25,0.0,9.8,76.41
979.5,0.0,9.8,76.41
979.75,0.0,9.8,76.41
980.0,0.0,9.78,76.39
980.25,0.0,9.78,76.39
980.5,0.0,9.78,76.39
