PV_LOAD;CV;PV_IN;TIME;Time_s
1,43;0,0;79,03;25/09/2026 18:39;0,0
1,51;0,0;78,98;25/09/2026 18:39;1,0
1,58;0,0;79,04;25/09/2026 18:39;2,0
1,58;0,0;79,04;25/09/2026 18:39;3,0
1,64;0,0;79,11;25/09/2026 18:39;4,0
1,72;0,0;79,17;25/09/2026 18:39;5,0
1,78;0,0;79,24;25/09/2026 18:39;6,0
1,83;0,0;79,3;25/09/2026 18:39;7,0
1,9;0,0;79,36;25/09/2026 18:39;8,0
1,96;0,0;79,35;25/09/2026 18:39;9,0
2,01;0,0;79,31;25/09/2026 18:39;10,0
2,07;0,0;79,28;25/09/2026 18:39;11,0
2,12;0,0;79,26;25/09/2026 18:39;12,0
2,17;0,0;79,23;25/09/2026 18:39;13,0
2,21;0,0;79,2;25/09/2026 18:39;14,0
2,26;0,0;79,18;25/09/2026 18:39;15,0
2,31;0,0;79,14;25/09/2026 18:39;16,0
2,34;0,0;79,12;25/09/2026 18:39;17,0
2,39;0,0;79,1;25/09/2026 18:39;18,0
2,43;0,0;79,08;25/09/2026 18:39;19,0
2,47;0,0;79,06;25/09/2026 18:39;20,0
2,5;0,0;79,04;25/09/2026 18:39;21,0
2,55;0,0;79,02;25/09/2026 18:39;22,0
2,57;0,0;79,0;25/09/2026 18:39;23,0
2,61;0,0;78,98;25/09/2026 18:39;24,0
2,64;0,0;78,97;25/09/2026 18:39;25,0
2,67;0,0;78,95;25/09/2026 18:39;26,0
2,7;0,0;78,94;25/09/2026 18:39;27,0
2,73;0,0;78,92;25/09/2026 18:40;28,0
2,77;0,0;78,91;25/09/2026 18:40;29,0
2,79;0,0;78,9;25/09/2026 18:40;30,0
2,82;0,0;78,89;25/09/2026 18:40;31,0
2,84;0,0;78,88;25/09/2026 18:40;32,0
2,87;0,0;78,86;25/09/2026 18:40;33,0
2,9;0,0;78,85;25/09/2026 18:40;34,0
2,92;0,0;78,84;25/09/2026 18:40;35,0
2,94;0,0;78,84;25/09/2026 18:40;36,0
2,97;0,0;78,83;25/09/2026 18:40;37,0
2,99;0,0;78,82;25/09/2026 18:40;38,0
3,01;0,0;78,81;25/09/2026 18:40;39,0
3,03;0,0;78,8;25/09/2026 18:40;40,0
3,05;0,0;78,79;25/09/2026 18:40;41,0
3,07;0,0;78,78;25/09/2026 18:40;42,0
3,09;0,0;78,77;25/09/2026 18:40;43,0
3,11;0,0;78,76;25/09/2026 18:40;44,0
3,13;0,0;78,74;25/09/2026 18:40;45,0
3,14;0,0;78,73;25/09/2026 18:40;46,0
3,16;0,0;78,72;25/09/2026 18:40;47,0
3,17;0,0;78,71;25/09/2026 18:40;48,0
3,19;0,0;78,7;25/09/2026 18:40;49,0
3,2;0,0;78,69;25/09/2026 18:40;50,0
3,22;0,0;78,68;25/09/2026 18:40;51,0
3,24;0,0;78,67;25/09/2026 18:40;52,0
3,25;0,0;78,65;25/09/2026 18:40;53,0
3,26;0,0;78,64;25/09/2026 18:40;54,0
3,27;0,0;78,63;25/09/2026 18:40;55,0
3,28;0,0;78,62;25/09/2026 18:40;56,0
3,3;0,0;78,61;25/09/2026 18:40;57,0
3,31;0,0;78,6;25/09/2026 18:40;58,0
3,32;0,0;78,58;25/09/2026 18:40;59,0
3,33;0,0;78,57;25/09/2026 18:40;60,0
3,34;0,0;78,56;25/09/2026 18:40;61,0
3,35;0,0;78,55;25/09/2026 18:40;62,0
3,35;0,0;78,55;25/09/2026 18:40;63,0
3,36;0,0;78,53;25/09/2026 18:40;64,0
3,37;0,0;78,52;25/09/2026 18:40;65,0
3,38;0,0;78,51;25/09/2026 18:40;66,0
3,39;0,0;78,49;25/09/2026 18:40;67,0
3,4;0,0;78,48;25/09/2026 18:40;68,0
3,41;0,0;78,47;25/09/2026 18:40;69,0
3,41;0,0;78,46;25/09/2026 18:40;70,0
3,42;0,0;78,44;25/09/2026 18:40;71,0
3,43;0,0;78,43;25/09/2026 18:40;72,0
3,44;0,0;78,42;25/09/2026 18:40;73,0
3,44;0,0;78,4;25/09/2026 18:40;74,0
3,45;0,0;78,39;25/09/2026 18:40;75,0
3,45;0,0;78,38;25/09/2026 18:40;76,0
3,47;0,0;78,36;25/09/2026 18:40;77,0
3,47;0,0;78,35;25/09/2026 18:40;78,0
3,48;0,0;78,34;25/09/2026 18:40;79,0
3,49;0,0;78,32;25/09/2026 18:40;80,0
3,49;0,0;78,31;25/09/2026 18:40;81,0
3,5;0,0;78,3;25/09/2026 18:40;82,0
3,5;0,0;78,28;25/09/2026 18:40;83,0
3,5;0,0;78,27;25/09/2026 18:40;84,0
3,51;0,0;78,25;25/09/2026 18:40;85,0
3,52;0,0;78,24;25/09/2026 18:40;86,0
3,52;0,0;78,22;25/09/2026 18:40;87,0
3,52;0,0;78,21;25/09/2026 18:41;88,0
3,53;0,0;78,19;25/09/2026 18:41;89,0
3,53;0,0;78,18;25/09/2026 18:41;90,0
3,53;0,0;78,16;25/09/2026 18:41;91,0
3,54;0,0;78,14;25/09/2026 18:41;92,0
3,54;0,0;78,13;25/09/2026 18:41;93,0
3,55;0,0;78,11;25/09/2026 18:41;94,0
3,55;0,0;78,12;25/09/2026 18:41;95,0
3,56;0,0;78,14;25/09/2026 18:41;96,0
3,56;0,0;78,18;25/09/2026 18:41;97,0
3,57;0,0;78,24;25/09/2026 18:41;98,0
3,57;0,0;78,31;25/09/2026 18:41;99,0
3,58;0,0;78,39;25/09/2026 18:41;100,0
3,58;0,0;78,48;25/09/2026 18:41;101,0
3,59;0,0;78,58;25/09/2026 18:41;102,0
3,6;0,0;78,69;25/09/2026 18:41;103,0
3,6;0,0;78,8;25/09/2026 18:41;104,0
3,61;0,0;78,92;25/09/2026 18:41;105,0
3,61;0,0;79,08;25/09/2026 18:41;106,0
3,62;0,0;79,2;25/09/2026 18:41;107,0
3,63;0,0;79,3;25/09/2026 18:41;108,0
3,63;0,0;79,39;25/09/2026 18:41;109,0
3,64;0,0;79,46;25/09/2026 18:41;110,0
3,64;0,0;79,53;25/09/2026 18:41;111,0
3,65;0,0;79,58;25/09/2026 18:41;112,0
3,66;0,0;79,63;25/09/2026 18:41;113,0
3,66;0,0;79,67;25/09/2026 18:41;114,0
3,66;0,0;79,71;25/09/2026 18:41;115,0
3,67;0,0;79,73;25/09/2026 18:41;116,0
3,67;0,0;79,73;25/09/2026 18:41;117,0
3,67;0,0;79,75;25/09/2026 18:41;118,0
3,68;0,0;79,76;25/09/2026 18:41;119,0
3,68;0,0;79,76;25/09/2026 18:41;120,0
3,69;0,0;79,76;25/09/2026 18:41;121,0
3,69;0,0;79,75;25/09/2026 18:41;122,0
3,69;0,0;79,73;25/09/2026 18:41;123,0
3,69;0,0;79,71;25/09/2026 18:41;124,0
3,7;0,0;79,69;25/09/2026 18:41;125,0
3,7;0,0;79,66;25/09/2026 18:41;126,0
3,7;0,0;79,64;25/09/2026 18:41;127,0
3,71;0,0;79,61;25/09/2026 18:41;128,0
3,71;0,0;79,58;25/09/2026 18:41;129,0
3,71;0,0;79,55;25/09/2026 18:41;130,0
3,71;0,0;79,52;25/09/2026 18:41;131,0
3,72;0,0;79,5;25/09/2026 18:41;132,0
3,72;0,0;79,47;25/09/2026 18:41;133,0
3,72;0,0;79,45;25/09/2026 18:41;134,0
3,72;0,0;79,43;25/09/2026 18:41;135,0
3,72;0,0;79,4;25/09/2026 18:41;136,0
3,72;0,0;79,38;25/09/2026 18:41;137,0
3,72;0,0;79,36;25/09/2026 18:41;138,0
3,73;0,0;79,34;25/09/2026 18:41;139,0
3,73;0,55;79,32;25/09/2026 18:41;140,0
3,75;1,11;79,27;25/09/2026 18:41;141,0
3,8;1,66;79,19;25/09/2026 18:41;142,0
3,88;2,23;79,1;25/09/2026 18:41;143,0
3,95;2,78;78,99;25/09/2026 18:41;144,0
4,05;3,89;78,86;25/09/2026 18:41;145,0
4,14;4,44;78,71;25/09/2026 18:41;146,0
4,3;5,01;78,55;25/09/2026 18:41;147,0
4,44;5,55;78,36;25/09/2026 18:42;148,0
4,61;6,1;78,17;25/09/2026 18:42;149,0
4,77;6,67;77,95;25/09/2026 18:42;150,0
4,97;7,22;77,72;25/09/2026 18:42;151,0
5,15;7,78;77,48;25/09/2026 18:42;152,0
5,39;8,33;77,18;25/09/2026 18:42;153,0
5,55;8,88;76,96;25/09/2026 18:42;154,0
5,81;9,45;76,74;25/09/2026 18:42;155,0
6,1;10,0;76,52;25/09/2026 18:42;156,0
6,34;10,56;76,31;25/09/2026 18:42;157,0
6,64;11,11;76,11;25/09/2026 18:42;158,0
6,88;11,67;75,9;25/09/2026 18:42;159,0
7,12;12,22;75,71;25/09/2026 18:42;160,0
7,53;12,77;75,51;25/09/2026 18:42;161,0
7,87;13,34;75,32;25/09/2026 18:42;162,0
8,21;13,89;75,13;25/09/2026 18:42;163,0
8,53;14,45;74,94;25/09/2026 18:42;164,0
8,89;15,0;74,75;25/09/2026 18:42;165,0
9,28;15,55;74,57;25/09/2026 18:42;166,0
9,66;16,11;74,39;25/09/2026 18:42;167,0
10,07;16,66;74,21;25/09/2026 18:42;168,0
10,44;17,23;73,99;25/09/2026 18:42;169,0
10,86;17,78;73,81;25/09/2026 18:42;170,0
11,29;18,33;73,63;25/09/2026 18:42;171,0
11,74;18,89;73,46;25/09/2026 18:42;172,0
12,2;19,44;73,28;25/09/2026 18:42;173,0
12,66;20,01;73,1;25/09/2026 18:42;174,0
13,14;20,56;72,93;25/09/2026 18:42;175,0
13,62;21,1;72,75;25/09/2026 18:42;176,0
14,01;21,67;72,57;25/09/2026 18:42;177,0
14,56;22,22;72,39;25/09/2026 18:42;178,0
15,02;22,78;72,22;25/09/2026 18:42;179,0
15,59;23,33;72,04;25/09/2026 18:42;180,0
16,07;23,88;71,87;25/09/2026 18:42;181,0
16,6;24,45;71,65;25/09/2026 18:42;182,0
16,6;25,0;71,65;25/09/2026 18:42;183,0
17,15;25,56;71,48;25/09/2026 18:42;184,0
17,59;25,56;71,31;25/09/2026 18:42;185,0
18,25;26,11;71,15;25/09/2026 18:42;186,0
18,75;26,66;70,98;25/09/2026 18:42;187,0
19,15;27,22;70,82;25/09/2026 18:42;188,0
19,91;27,77;70,67;25/09/2026 18:42;189,0
20,5;28,34;70,51;25/09/2026 18:42;190,0
20,97;28,89;70,36;25/09/2026 18:42;191,0
21,63;29,44;70,2;25/09/2026 18:42;192,0
22,23;30,0;70,05;25/09/2026 18:42;193,0
22,84;30,55;69,91;25/09/2026 18:42;194,0
23,45;31,12;69,77;25/09/2026 18:42;195,0
24,06;31,66;69,63;25/09/2026 18:42;196,0
24,67;32,23;69,49;25/09/2026 18:42;197,0
25,22;32,78;69,32;25/09/2026 18:42;198,0
25,84;33,33;69,2;25/09/2026 18:42;199,0
26,46;33,89;69,07;25/09/2026 18:42;200,0
27,0;34,44;68,95;25/09/2026 18:42;201,0
27,68;35,01;68,83;25/09/2026 18:42;202,0
28,24;35,56;68,72;25/09/2026 18:42;203,0
28,85;36,11;68,61;25/09/2026 18:42;204,0
29,46;36,67;68,5;25/09/2026 18:42;205,0
30,06;37,78;68,4;25/09/2026 18:42;206,0
30,67;38,33;68,3;25/09/2026 18:42;207,0
31,21;38,88;68,21;25/09/2026 18:43;208,0
31,69;39,45;68,12;25/09/2026 18:43;209,0
32,4;40,0;68,03;25/09/2026 18:43;210,0
32,93;40,56;67,95;25/09/2026 18:43;211,0
33,51;41,11;67,85;25/09/2026 18:43;212,0
33,97;41,66;67,78;25/09/2026 18:43;213,0
34,6;42,22;67,71;25/09/2026 18:43;214,0
35,21;42,77;67,64;25/09/2026 18:43;215,0
35,77;43,34;67,58;25/09/2026 18:43;216,0
36,2;43,89;67,52;25/09/2026 18:43;217,0
36,74;44,44;67,47;25/09/2026 18:43;218,0
37,32;45,0;67,42;25/09/2026 18:43;219,0
37,84;45,55;67,38;25/09/2026 18:43;220,0
38,35;46,12;67,35;25/09/2026 18:43;221,0
38,79;46,67;67,32;25/09/2026 18:43;222,0
39,33;47,22;67,29;25/09/2026 18:43;223,0
39,76;47,78;67,27;25/09/2026 18:43;224,0
40,23;48,33;67,25;25/09/2026 18:43;225,0
40,59;48,89;67,24;25/09/2026 18:43;226,0
41,12;49,44;67,23;25/09/2026 18:43;227,0
41,56;50,01;67,23;25/09/2026 18:43;228,0
41,93;50,56;67,23;25/09/2026 18:43;229,0
42,31;51,11;67,23;25/09/2026 18:43;230,0
42,75;51,67;67,24;25/09/2026 18:43;231,0
43,1;52,22;67,25;25/09/2026 18:43;232,0
43,49;52,78;67,26;25/09/2026 18:43;233,0
43,85;53,33;67,26;25/09/2026 18:43;234,0
44,22;53,88;67,28;25/09/2026 18:43;235,0
44,57;54,45;67,29;25/09/2026 18:43;236,0
44,91;55,0;67,3;25/09/2026 18:43;237,0
45,12;55,56;67,32;25/09/2026 18:43;238,0
45,57;56,11;67,34;25/09/2026 18:43;239,0
45,9;56,66;67,36;25/09/2026 18:43;240,0
45,9;57,23;67,36;25/09/2026 18:43;241,0
46,15;57,78;67,4;25/09/2026 18:43;242,0
46,47;58,34;67,45;25/09/2026 18:43;243,0
46,76;58,89;67,53;25/09/2026 18:43;244,0
47,03;59,44;67,61;25/09/2026 18:43;245,0
47,42;60,0;67,71;25/09/2026 18:43;246,0
47,78;60,55;67,81;25/09/2026 18:43;247,0
48,1;61,12;67,92;25/09/2026 18:43;248,0
48,33;61,12;68,03;25/09/2026 18:43;249,0
48,63;61,67;68,15;25/09/2026 18:43;250,0
49,0;62,22;68,28;25/09/2026 18:43;251,0
49,29;62,78;68,4;25/09/2026 18:43;252,0
49,52;63,33;68,53;25/09/2026 18:43;253,0
49,8;63,89;68,64;25/09/2026 18:43;254,0
50,07;64,44;68,75;25/09/2026 18:43;255,0
50,33;64,99;68,84;25/09/2026 18:43;256,0
50,63;65,56;68,93;25/09/2026 18:43;257,0
50,86;66,11;69,0;25/09/2026 18:43;258,0
51,1;66,67;69,07;25/09/2026 18:43;259,0
51,37;67,22;69,14;25/09/2026 18:43;260,0
51,58;67,77;69,2;25/09/2026 18:43;261,0
51,8;68,34;69,25;25/09/2026 18:43;262,0
51,98;68,88;69,3;25/09/2026 18:43;263,0
52,21;70,0;69,35;25/09/2026 18:43;264,0
52,43;70,56;69,39;25/09/2026 18:43;265,0
52,62;71,11;69,43;25/09/2026 18:43;266,0
52,79;71,66;69,46;25/09/2026 18:43;267,0
52,97;72,23;69,5;25/09/2026 18:44;268,0
53,14;72,78;69,52;25/09/2026 18:44;269,0
53,29;73,34;69,55;25/09/2026 18:44;270,0
53,43;73,89;69,57;25/09/2026 18:44;271,0
53,59;74,44;69,59;25/09/2026 18:44;272,0
53,75;75,0;69,61;25/09/2026 18:44;273,0
53,86;75,55;69,62;25/09/2026 18:44;274,0
54,03;76,12;69,63;25/09/2026 18:44;275,0
54,15;76,67;69,63;25/09/2026 18:44;276,0
54,27;77,22;69,64;25/09/2026 18:44;277,0
54,4;77,78;69,64;25/09/2026 18:44;278,0
54,53;78,33;69,64;25/09/2026 18:44;279,0
54,64;78,9;69,64;25/09/2026 18:44;280,0
54,76;79,44;69,64;25/09/2026 18:44;281,0
54,88;79,99;69,64;25/09/2026 18:44;282,0
54,97;80,56;69,63;25/09/2026 18:44;283,0
55,07;81,11;69,63;25/09/2026 18:44;284,0
55,17;81,67;69,62;25/09/2026 18:44;285,0
55,27;82,22;69,61;25/09/2026 18:44;286,0
55,35;82,77;69,61;25/09/2026 18:44;287,0
55,43;83,34;69,6;25/09/2026 18:44;288,0
55,53;83,89;69,59;25/09/2026 18:44;289,0
55,6;84,45;69,58;25/09/2026 18:44;290,0
55,66;85,0;69,57;25/09/2026 18:44;291,0
55,77;85,55;69,56;25/09/2026 18:44;292,0
55,84;86,11;69,55;25/09/2026 18:44;293,0
55,91;86,66;69,54;25/09/2026 18:44;294,0
55,97;87,23;69,53;25/09/2026 18:44;295,0
56,05;87,78;69,52;25/09/2026 18:44;296,0
56,09;88,33;69,51;25/09/2026 18:44;297,0
56,16;88,89;69,5;25/09/2026 18:44;298,0
56,16;89,44;69,5;25/09/2026 18:44;299,0
56,29;90,0;69,47;25/09/2026 18:44;300,0
56,33;90,55;69,46;25/09/2026 18:44;301,0
56,39;91,12;69,44;25/09/2026 18:44;302,0
56,39;91,67;69,44;25/09/2026 18:44;303,0
56,44;92,22;69,43;25/09/2026 18:44;304,0
56,49;92,78;69,41;25/09/2026 18:44;305,0
56,54;93,33;69,4;25/09/2026 18:44;306,0
56,57;93,33;69,38;25/09/2026 18:44;307,0
56,63;93,9;69,36;25/09/2026 18:44;308,0
56,67;94,45;69,35;25/09/2026 18:44;309,0
56,71;95,56;69,33;25/09/2026 18:44;310,0
56,75;95,56;69,31;25/09/2026 18:44;311,0
56,79;96,11;69,29;25/09/2026 18:44;312,0
56,82;96,67;69,28;25/09/2026 18:44;313,0
56,87;97,22;69,26;25/09/2026 18:44;314,0
56,89;97,77;69,24;25/09/2026 18:44;315,0
56,93;98,34;69,22;25/09/2026 18:44;316,0
56,95;98,89;69,21;25/09/2026 18:44;317,0
56,99;99,45;69,19;25/09/2026 18:44;318,0
57,02;100,0;69,17;25/09/2026 18:44;319,0
57,05;100,0;69,16;25/09/2026 18:44;320,0
57,08;100,0;69,15;25/09/2026 18:44;321,0
57,1;100,0;69,14;25/09/2026 18:44;322,0
57,12;100,0;69,12;25/09/2026 18:44;323,0
57,15;100,0;69,12;25/09/2026 18:44;324,0
57,16;100,0;69,11;25/09/2026 18:44;325,0
57,18;100,0;69,1;25/09/2026 18:44;326,0
57,19;100,0;69,09;25/09/2026 18:44;327,0
57,21;100,0;69,09;25/09/2026 18:45;328,0
57,23;100,0;69,08;25/09/2026 18:45;329,0
57,22;100,0;69,08;25/09/2026 18:45;330,0
57,24;100,0;69,08;25/09/2026 18:45;331,0
57,24;100,0;69,07;25/09/2026 18:45;332,0
57,24;100,0;69,07;25/09/2026 18:45;333,0
57,26;100,0;69,06;25/09/2026 18:45;334,0
57,27;100,0;69,06;25/09/2026 18:45;335,0
57,27;100,0;69,05;25/09/2026 18:45;336,0
57,27;100,0;69,05;25/09/2026 18:45;337,0
57,27;100,0;69,04;25/09/2026 18:45;338,0
57,29;100,0;69,03;25/09/2026 18:45;339,0
57,29;100,0;69,03;25/09/2026 18:45;340,0
57,3;100,0;69,02;25/09/2026 18:45;341,0
57,3;100,0;69,02;25/09/2026 18:45;342,0
57,3;100,0;69,01;25/09/2026 18:45;343,0
57,29;100,0;69,0;25/09/2026 18:45;344,0
57,3;100,0;69,0;25/09/2026 18:45;345,0
57,3;100,0;68,99;25/09/2026 18:45;346,0
57,29;100,0;68,98;25/09/2026 18:45;347,0
57,3;100,0;68,98;25/09/2026 18:45;348,0
57,29;100,0;68,97;25/09/2026 18:45;349,0
57,29;100,0;68,96;25/09/2026 18:45;350,0
57,29;100,0;68,95;25/09/2026 18:45;351,0
57,29;100,0;68,95;25/09/2026 18:45;352,0
57,29;100,0;68,94;25/09/2026 18:45;353,0
57,29;100,0;68,93;25/09/2026 18:45;354,0
57,28;100,0;68,93;25/09/2026 18:45;355,0
57,28;100,0;68,92;25/09/2026 18:45;356,0
57,28;100,0;68,91;25/09/2026 18:45;357,0
57,27;100,0;68,91;25/09/2026 18:45;358,0
57,26;100,0;68,9;25/09/2026 18:45;359,0
57,26;100,0;68,89;25/09/2026 18:45;360,0
57,26;100,0;68,88;25/09/2026 18:45;361,0
57,26;100,0;68,88;25/09/2026 18:45;362,0
57,26;100,0;68,87;25/09/2026 18:45;363,0
57,25;100,0;68,86;25/09/2026 18:45;364,0
57,26;100,0;68,85;25/09/2026 18:45;365,0
57,26;100,0;68,85;25/09/2026 18:45;366,0
57,24;100,0;68,84;25/09/2026 18:45;367,0
57,24;100,0;68,83;25/09/2026 18:45;368,0
57,23;100,0;68,82;25/09/2026 18:45;369,0
57,23;100,0;68,81;25/09/2026 18:45;370,0
57,21;100,0;68,8;25/09/2026 18:45;371,0
57,21;100,0;68,79;25/09/2026 18:45;372,0
57,21;100,0;68,78;25/09/2026 18:45;373,0
57,21;100,0;68,77;25/09/2026 18:45;374,0
57,19;100,0;68,76;25/09/2026 18:45;375,0
57,18;100,0;68,75;25/09/2026 18:45;376,0
57,18;100,0;68,74;25/09/2026 18:45;377,0
57,2;100,0;68,75;25/09/2026 18:45;378,0
57,21;100,0;68,76;25/09/2026 18:45;379,0
57,23;100,0;68,79;25/09/2026 18:45;380,0
57,29;100,0;68,83;25/09/2026 18:45;381,0
57,33;100,0;68,88;25/09/2026 18:45;382,0
57,38;100,0;68,94;25/09/2026 18:45;383,0
57,43;100,0;69,02;25/09/2026 18:45;384,0
57,49;100,0;69,1;25/09/2026 18:45;385,0
57,58;100,0;69,19;25/09/2026 18:45;386,0
57,63;100,0;69,29;25/09/2026 18:45;387,0
57,71;100,0;69,4;25/09/2026 18:46;388,0
57,76;100,0;69,53;25/09/2026 18:46;389,0
57,82;100,0;69,63;25/09/2026 18:46;390,0
57,88;100,0;69,73;25/09/2026 18:46;391,0
57,92;100,0;69,82;25/09/2026 18:46;392,0
57,97;100,0;69,9;25/09/2026 18:46;393,0
58,01;100,0;69,97;25/09/2026 18:46;394,0
58,06;100,0;70,04;25/09/2026 18:46;395,0
58,1;100,0;70,09;25/09/2026 18:46;396,0
58,15;100,0;70,15;25/09/2026 18:46;397,0
58,18;100,0;70,19;25/09/2026 18:46;398,0
58,21;100,0;70,23;25/09/2026 18:46;399,0
58,25;100,0;70,27;25/09/2026 18:46;400,0
58,28;100,0;70,3;25/09/2026 18:46;401,0
58,3;100,0;70,32;25/09/2026 18:46;402,0
58,33;100,0;70,34;25/09/2026 18:46;403,0
58,35;100,0;70,36;25/09/2026 18:46;404,0
58,37;100,0;70,37;25/09/2026 18:46;405,0
58,37;100,0;70,38;25/09/2026 18:46;406,0
58,39;100,0;70,38;25/09/2026 18:46;407,0
58,4;100,0;70,38;25/09/2026 18:46;408,0
58,39;100,0;70,38;25/09/2026 18:46;409,0
58,4;100,0;70,37;25/09/2026 18:46;410,0
58,4;100,0;70,36;25/09/2026 18:46;411,0
58,41;100,0;70,34;25/09/2026 18:46;412,0
58,4;100,0;70,33;25/09/2026 18:46;413,0
58,4;100,0;70,31;25/09/2026 18:46;414,0
58,4;100,0;70,3;25/09/2026 18:46;415,0
58,4;100,0;70,3;25/09/2026 18:46;416,0
58,39;100,0;70,28;25/09/2026 18:46;417,0
58,39;100,0;70,26;25/09/2026 18:46;418,0
58,39;100,0;70,25;25/09/2026 18:46;419,0
58,39;100,0;70,22;25/09/2026 18:46;420,0
58,37;100,0;70,21;25/09/2026 18:46;421,0
58,37;100,0;70,19;25/09/2026 18:46;422,0
58,35;100,0;70,17;25/09/2026 18:46;423,0
58,34;100,0;70,15;25/09/2026 18:46;424,0
58,33;100,0;70,13;25/09/2026 18:46;425,0
58,32;100,0;70,11;25/09/2026 18:46;426,0
58,32;100,0;70,09;25/09/2026 18:46;427,0
58,3;100,0;70,07;25/09/2026 18:46;428,0
58,29;100,0;70,05;25/09/2026 18:46;429,0
58,28;100,0;70,03;25/09/2026 18:46;430,0
58,27;100,0;70,0;25/09/2026 18:46;431,0
58,25;100,0;69,98;25/09/2026 18:46;432,0
58,23;100,0;69,95;25/09/2026 18:46;433,0
58,21;100,0;69,93;25/09/2026 18:46;434,0
58,2;100,0;69,91;25/09/2026 18:46;435,0
58,19;100,0;69,88;25/09/2026 18:46;436,0
58,18;100,0;69,86;25/09/2026 18:46;437,0
58,14;100,0;69,84;25/09/2026 18:46;438,0
58,14;100,0;69,81;25/09/2026 18:46;439,0
58,12;100,0;69,79;25/09/2026 18:46;440,0
58,1;100,0;69,77;25/09/2026 18:46;441,0
58,09;100,0;69,74;25/09/2026 18:46;442,0
58,07;100,0;69,72;25/09/2026 18:46;443,0
58,05;100,0;69,7;25/09/2026 18:46;444,0
58,04;100,0;69,67;25/09/2026 18:46;445,0
58,01;100,0;69,65;25/09/2026 18:46;446,0
58,0;100,0;69,63;25/09/2026 18:46;447,0
57,98;100,0;69,61;25/09/2026 18:47;448,0
57,97;100,0;69,58;25/09/2026 18:47;449,0
57,95;100,0;69,56;25/09/2026 18:47;450,0
57,93;100,0;69,54;25/09/2026 18:47;451,0
57,92;100,0;69,52;25/09/2026 18:47;452,0
57,9;100,0;69,5;25/09/2026 18:47;453,0
57,88;100,0;69,48;25/09/2026 18:47;454,0
57,88;100,0;69,46;25/09/2026 18:47;455,0
57,86;100,0;69,44;25/09/2026 18:47;456,0
57,84;100,0;69,42;25/09/2026 18:47;457,0
57,83;100,0;69,41;25/09/2026 18:47;458,0
57,82;100,0;69,39;25/09/2026 18:47;459,0
57,8;100,0;69,38;25/09/2026 18:47;460,0
57,79;100,0;69,36;25/09/2026 18:47;461,0
57,78;100,0;69,35;25/09/2026 18:47;462,0
57,77;100,0;69,33;25/09/2026 18:47;463,0
57,76;100,0;69,32;25/09/2026 18:47;464,0
57,74;100,0;69,3;25/09/2026 18:47;465,0
57,73;100,0;69,29;25/09/2026 18:47;466,0
57,71;100,0;69,28;25/09/2026 18:47;467,0
57,71;100,0;69,27;25/09/2026 18:47;468,0
57,68;100,0;69,25;25/09/2026 18:47;469,0
57,68;100,0;69,24;25/09/2026 18:47;470,0
57,67;100,0;69,23;25/09/2026 18:47;471,0
57,67;100,0;69,22;25/09/2026 18:47;472,0
57,65;100,0;69,21;25/09/2026 18:47;473,0
57,64;100,0;69,2;25/09/2026 18:47;474,0
57,62;100,0;69,19;25/09/2026 18:47;475,0
57,62;100,0;69,19;25/09/2026 18:47;476,0
57,62;100,0;69,18;25/09/2026 18:47;477,0
57,59;100,0;69,16;25/09/2026 18:47;478,0
57,59;100,0;69,15;25/09/2026 18:47;479,0
57,59;100,0;69,15;25/09/2026 18:47;480,0
57,59;100,0;69,14;25/09/2026 18:47;481,0
57,57;100,0;69,13;25/09/2026 18:47;482,0
57,57;100,0;69,12;25/09/2026 18:47;483,0
57,55;100,0;69,11;25/09/2026 18:47;484,0
57,54;100,0;69,1;25/09/2026 18:47;485,0
57,54;100,0;69,09;25/09/2026 18:47;486,0
57,52;100,0;69,08;25/09/2026 18:47;487,0
57,51;100,0;69,07;25/09/2026 18:47;488,0
57,51;100,0;69,06;25/09/2026 18:47;489,0
57,49;100,0;69,04;25/09/2026 18:47;490,0
57,49;100,0;69,03;25/09/2026 18:47;491,0
57,46;100,0;69,02;25/09/2026 18:47;492,0
57,46;100,0;69,01;25/09/2026 18:47;493,0
57,45;100,0;69,0;25/09/2026 18:47;494,0
57,45;100,0;68,99;25/09/2026 18:47;495,0
57,43;100,0;68,97;25/09/2026 18:47;496,0
57,42;100,0;68,96;25/09/2026 18:47;497,0
57,42;100,0;68,95;25/09/2026 18:47;498,0
57,41;100,0;68,94;25/09/2026 18:47;499,0
57,39;100,0;68,93;25/09/2026 18:47;500,0
57,38;100,0;68,92;25/09/2026 18:47;501,0
57,38;100,0;68,91;25/09/2026 18:47;502,0
57,37;100,0;68,9;25/09/2026 18:47;503,0
57,36;100,0;68,89;25/09/2026 18:47;504,0
57,34;100,0;68,88;25/09/2026 18:47;505,0
57,34;100,0;68,87;25/09/2026 18:47;506,0
57,32;100,0;68,86;25/09/2026 18:47;507,0
57,32;100,0;68,85;25/09/2026 18:48;508,0
57,31;100,0;68,83;25/09/2026 18:48;509,0
57,31;100,0;68,82;25/09/2026 18:48;510,0
57,29;100,0;68,81;25/09/2026 18:48;511,0
57,29;100,0;68,8;25/09/2026 18:48;512,0
57,26;100,0;68,79;25/09/2026 18:48;513,0
57,26;100,0;68,78;25/09/2026 18:48;514,0
57,26;100,0;68,77;25/09/2026 18:48;515,0
57,26;100,0;68,77;25/09/2026 18:48;516,0
57,27;100,0;68,78;25/09/2026 18:48;517,0
57,29;100,0;68,8;25/09/2026 18:48;518,0
57,33;100,0;68,83;25/09/2026 18:48;519,0
57,35;100,0;68,88;25/09/2026 18:48;520,0
57,42;100,0;68,93;25/09/2026 18:48;521,0
57,48;100,0;69,0;25/09/2026 18:48;522,0
57,53;100,0;69,08;25/09/2026 18:48;523,0
57,61;100,0;69,17;25/09/2026 18:48;524,0
57,67;100,0;69,27;25/09/2026 18:48;525,0
57,73;100,0;69,37;25/09/2026 18:48;526,0
57,78;100,0;69,48;25/09/2026 18:48;527,0
57,85;100,0;69,61;25/09/2026 18:48;528,0
57,89;100,0;69,71;25/09/2026 18:48;529,0
57,95;100,0;69,8;25/09/2026 18:48;530,0
57,99;100,0;69,89;25/09/2026 18:48;531,0
58,05;100,0;69,97;25/09/2026 18:48;532,0
58,09;100,0;70,04;25/09/2026 18:48;533,0
58,13;100,0;70,1;25/09/2026 18:48;534,0
58,17;100,0;70,15;25/09/2026 18:48;535,0
58,22;100,0;70,2;25/09/2026 18:48;536,0
58,26;100,0;70,25;25/09/2026 18:48;537,0
58,29;100,0;70,29;25/09/2026 18:48;538,0
58,32;100,0;70,32;25/09/2026 18:48;539,0
58,35;100,0;70,35;25/09/2026 18:48;540,0
58,37;100,0;70,38;25/09/2026 18:48;541,0
58,39;100,0;70,39;25/09/2026 18:48;542,0
58,41;100,0;70,41;25/09/2026 18:48;543,0
58,43;100,0;70,42;25/09/2026 18:48;544,0
58,42;100,0;70,43;25/09/2026 18:48;545,0
58,42;100,0;70,43;25/09/2026 18:48;546,0
58,45;100,0;70,43;25/09/2026 18:48;547,0
58,46;100,0;70,43;25/09/2026 18:48;548,0
58,46;100,0;70,42;25/09/2026 18:48;549,0
58,46;100,0;70,41;25/09/2026 18:48;550,0
58,46;100,0;70,4;25/09/2026 18:48;551,0
58,46;100,0;70,38;25/09/2026 18:48;552,0
58,46;100,0;70,37;25/09/2026 18:48;553,0
58,46;100,0;70,36;25/09/2026 18:48;554,0
58,45;100,0;70,34;25/09/2026 18:48;555,0
58,45;100,0;70,32;25/09/2026 18:48;556,0
58,43;100,0;70,31;25/09/2026 18:48;557,0
58,43;100,0;70,29;25/09/2026 18:48;558,0
58,43;100,0;70,27;25/09/2026 18:48;559,0
58,42;100,0;70,25;25/09/2026 18:48;560,0
58,42;100,0;70,23;25/09/2026 18:48;561,0
58,4;100,0;70,21;25/09/2026 18:48;562,0
58,4;100,0;70,19;25/09/2026 18:48;563,0
58,39;100,0;70,17;25/09/2026 18:48;564,0
58,38;100,0;70,15;25/09/2026 18:48;565,0
58,37;100,0;70,13;25/09/2026 18:48;566,0
58,35;100,0;70,11;25/09/2026 18:48;567,0
58,34;100,0;70,09;25/09/2026 18:49;568,0
58,32;100,0;70,07;25/09/2026 18:49;569,0
58,31;100,0;70,04;25/09/2026 18:49;570,0
58,29;100,0;70,02;25/09/2026 18:49;571,0
58,28;100,0;70,0;25/09/2026 18:49;572,0
58,26;100,0;69,97;25/09/2026 18:49;573,0
58,24;100,0;69,95;25/09/2026 18:49;574,0
58,22;100,0;69,92;25/09/2026 18:49;575,0
58,22;100,0;69,89;25/09/2026 18:49;576,0
58,2;100,0;69,87;25/09/2026 18:49;577,0
58,17;100,0;69,85;25/09/2026 18:49;578,0
58,16;100,0;69,82;25/09/2026 18:49;579,0
58,14;100,0;69,8;25/09/2026 18:49;580,0
58,11;100,0;69,77;25/09/2026 18:49;581,0
58,1;100,0;69,75;25/09/2026 18:49;582,0
58,09;100,0;69,72;25/09/2026 18:49;583,0
58,07;100,0;69,7;25/09/2026 18:49;584,0
58,06;100,0;69,68;25/09/2026 18:49;585,0
58,04;100,0;69,65;25/09/2026 18:49;586,0
58,01;100,0;69,63;25/09/2026 18:49;587,0
57,99;100,0;69,6;25/09/2026 18:49;588,0
57,98;100,0;69,58;25/09/2026 18:49;589,0
57,96;100,0;69,56;25/09/2026 18:49;590,0
57,94;100,0;69,54;25/09/2026 18:49;591,0
57,93;100,0;69,52;25/09/2026 18:49;592,0
57,91;100,0;69,5;25/09/2026 18:49;593,0
57,91;100,0;69,5;25/09/2026 18:49;594,0
57,9;100,0;69,48;25/09/2026 18:49;595,0
57,88;100,0;69,46;25/09/2026 18:49;596,0
57,86;100,0;69,44;25/09/2026 18:49;597,0
57,85;100,0;69,42;25/09/2026 18:49;598,0
57,84;100,0;69,4;25/09/2026 18:49;599,0
57,82;100,0;69,39;25/09/2026 18:49;600,0
57,81;100,0;69,37;25/09/2026 18:49;601,0
57,79;100,0;69,36;25/09/2026 18:49;602,0
57,78;100,0;69,34;25/09/2026 18:49;603,0
57,76;100,0;69,33;25/09/2026 18:49;604,0
57,76;100,0;69,31;25/09/2026 18:49;605,0
57,74;100,0;69,3;25/09/2026 18:49;606,0
57,73;100,0;69,29;25/09/2026 18:49;607,0
57,71;100,0;69,28;25/09/2026 18:49;608,0
57,7;100,0;69,26;25/09/2026 18:49;609,0
57,7;100,0;69,25;25/09/2026 18:49;610,0
57,68;100,0;69,24;25/09/2026 18:49;611,0
57,67;100,0;69,23;25/09/2026 18:49;612,0
57,66;100,0;69,22;25/09/2026 18:49;613,0
57,65;100,0;69,21;25/09/2026 18:49;614,0
57,63;100,0;69,19;25/09/2026 18:49;615,0
57,63;100,0;69,18;25/09/2026 18:49;616,0
57,62;100,0;69,17;25/09/2026 18:49;617,0
57,61;100,0;69,16;25/09/2026 18:49;618,0
57,59;99,45;69,15;25/09/2026 18:49;619,0
57,59;98,89;69,14;25/09/2026 18:49;620,0
57,58;98,34;69,13;25/09/2026 18:49;621,0
57,56;97,77;69,11;25/09/2026 18:49;622,0
57,56;97,22;69,1;25/09/2026 18:49;623,0
57,54;96,67;69,09;25/09/2026 18:49;624,0
57,53;96,11;69,08;25/09/2026 18:49;625,0
57,52;95,56;69,07;25/09/2026 18:49;626,0
57,51;94,99;69,06;25/09/2026 18:49;627,0
57,49;94,45;69,05;25/09/2026 18:50;628,0
57,48;93,9;69,05;25/09/2026 18:50;629,0
57,46;93,33;69,04;25/09/2026 18:50;630,0
57,44;92,78;69,04;25/09/2026 18:50;631,0
57,44;92,22;69,03;25/09/2026 18:50;632,0
57,41;91,67;69,02;25/09/2026 18:50;633,0
57,39;91,12;69,02;25/09/2026 18:50;634,0
57,37;90,55;69,02;25/09/2026 18:50;635,0
57,35;90,0;69,02;25/09/2026 18:50;636,0
57,34;89,44;69,01;25/09/2026 18:50;637,0
57,32;88,89;69,01;25/09/2026 18:50;638,0
57,3;88,33;69,01;25/09/2026 18:50;639,0
57,28;87,78;69,01;25/09/2026 18:50;640,0
57,26;87,23;69,0;25/09/2026 18:50;641,0
57,23;86,66;69,0;25/09/2026 18:50;642,0
57,23;86,11;69,0;25/09/2026 18:50;643,0
57,19;85,55;69,0;25/09/2026 18:50;644,0
57,17;85,0;69,0;25/09/2026 18:50;645,0
57,14;84,45;68,99;25/09/2026 18:50;646,0
57,1;83,89;68,99;25/09/2026 18:50;647,0
57,08;83,34;68,99;25/09/2026 18:50;648,0
57,06;82,77;68,99;25/09/2026 18:50;649,0
57,02;82,22;68,99;25/09/2026 18:50;650,0
57,0;81,67;68,99;25/09/2026 18:50;651,0
57,0;81,67;68,99;25/09/2026 18:50;652,0
56,98;81,11;68,99;25/09/2026 18:50;653,0
56,94;80,56;68,99;25/09/2026 18:50;654,0
56,93;79,99;69,0;25/09/2026 18:50;655,0
56,92;79,44;69,01;25/09/2026 18:50;656,0
56,91;78,9;69,05;25/09/2026 18:50;657,0
56,91;78,33;69,09;25/09/2026 18:50;658,0
56,95;77,78;69,14;25/09/2026 18:50;659,0
56,96;77,22;69,21;25/09/2026 18:50;660,0
57,01;76,67;69,28;25/09/2026 18:50;661,0
57,05;76,12;69,37;25/09/2026 18:50;662,0
57,09;75,55;69,46;25/09/2026 18:50;663,0
57,13;75,0;69,56;25/09/2026 18:50;664,0
57,16;74,44;69,67;25/09/2026 18:50;665,0
57,21;73,89;69,78;25/09/2026 18:50;666,0
57,25;73,34;69,88;25/09/2026 18:50;667,0
57,28;72,78;69,99;25/09/2026 18:50;668,0
57,32;72,23;70,09;25/09/2026 18:50;669,0
57,35;71,66;70,18;25/09/2026 18:50;670,0
57,38;71,11;70,26;25/09/2026 18:50;671,0
57,42;70,56;70,36;25/09/2026 18:50;672,0
57,45;70,0;70,43;25/09/2026 18:50;673,0
57,47;69,45;70,49;25/09/2026 18:50;674,0
57,5;68,34;70,54;25/09/2026 18:50;675,0
57,52;67,77;70,59;25/09/2026 18:50;676,0
57,53;67,22;70,63;25/09/2026 18:50;677,0
57,55;66,67;70,67;25/09/2026 18:50;678,0
57,56;66,11;70,71;25/09/2026 18:50;679,0
57,57;65,56;70,74;25/09/2026 18:50;680,0
57,56;64,99;70,77;25/09/2026 18:50;681,0
57,56;64,44;70,8;25/09/2026 18:50;682,0
57,55;63,89;70,82;25/09/2026 18:50;683,0
57,54;63,33;70,84;25/09/2026 18:50;684,0
57,53;62,78;70,86;25/09/2026 18:50;685,0
57,52;62,22;70,87;25/09/2026 18:50;686,0
57,5;61,67;70,88;25/09/2026 18:50;687,0
57,46;61,12;70,9;25/09/2026 18:51;688,0
57,45;60,55;70,91;25/09/2026 18:51;689,0
57,42;60,0;70,92;25/09/2026 18:51;690,0
57,38;59,44;70,93;25/09/2026 18:51;691,0
57,34;58,89;70,94;25/09/2026 18:51;692,0
57,32;58,34;70,95;25/09/2026 18:51;693,0
57,27;57,78;70,96;25/09/2026 18:51;694,0
57,23;57,23;70,97;25/09/2026 18:51;695,0
57,2;56,66;70,98;25/09/2026 18:51;696,0
57,17;56,11;70,98;25/09/2026 18:51;697,0
57,11;55,56;70,99;25/09/2026 18:51;698,0
57,07;55,0;71,0;25/09/2026 18:51;699,0
57,02;54,45;71,01;25/09/2026 18:51;700,0
56,96;53,88;71,01;25/09/2026 18:51;701,0
56,91;53,33;71,02;25/09/2026 18:51;702,0
56,85;52,78;71,03;25/09/2026 18:51;703,0
56,81;52,22;71,03;25/09/2026 18:51;704,0
56,76;51,67;71,04;25/09/2026 18:51;705,0
56,69;51,11;71,05;25/09/2026 18:51;706,0
56,65;50,56;71,05;25/09/2026 18:51;707,0
56,58;50,01;71,06;25/09/2026 18:51;708,0
56,52;49,44;71,07;25/09/2026 18:51;709,0
56,44;48,89;71,08;25/09/2026 18:51;710,0
56,38;48,33;71,09;25/09/2026 18:51;711,0
56,32;47,78;71,09;25/09/2026 18:51;712,0
56,27;47,22;71,1;25/09/2026 18:51;713,0
56,18;46,67;71,11;25/09/2026 18:51;714,0
56,1;46,12;71,12;25/09/2026 18:51;715,0
56,02;45,55;71,13;25/09/2026 18:51;716,0
55,94;45,0;71,14;25/09/2026 18:51;717,0
55,94;45,0;71,14;25/09/2026 18:51;718,0
55,88;44,44;71,15;25/09/2026 18:51;719,0
55,8;43,89;71,17;25/09/2026 18:51;720,0
55,71;43,34;71,18;25/09/2026 18:51;721,0
55,63;42,77;71,19;25/09/2026 18:51;722,0
55,55;42,22;71,21;25/09/2026 18:51;723,0
55,46;41,66;71,23;25/09/2026 18:51;724,0
55,35;41,11;71,24;25/09/2026 18:51;725,0
55,28;40,56;71,26;25/09/2026 18:51;726,0
55,18;40,0;71,28;25/09/2026 18:51;727,0
55,08;39,45;71,3;25/09/2026 18:51;728,0
55,0;38,88;71,32;25/09/2026 18:51;729,0
54,9;38,33;71,34;25/09/2026 18:51;730,0
54,81;37,78;71,37;25/09/2026 18:51;731,0
54,68;37,22;71,4;25/09/2026 18:51;732,0
54,58;36,67;71,42;25/09/2026 18:51;733,0
54,47;36,11;71,45;25/09/2026 18:51;734,0
54,35;35,56;71,48;25/09/2026 18:51;735,0
54,25;34,44;71,51;25/09/2026 18:51;736,0
54,13;33,89;71,54;25/09/2026 18:51;737,0
54,03;33,33;71,57;25/09/2026 18:51;738,0
53,91;32,78;71,61;25/09/2026 18:51;739,0
53,78;32,23;71,65;25/09/2026 18:51;740,0
53,65;31,66;71,69;25/09/2026 18:51;741,0
53,54;31,12;71,73;25/09/2026 18:51;742,0
53,37;30,55;71,78;25/09/2026 18:51;743,0
53,23;30,0;71,83;25/09/2026 18:51;744,0
53,11;29,44;71,87;25/09/2026 18:51;745,0
53,01;28,89;71,93;25/09/2026 18:51;746,0
52,79;28,34;71,98;25/09/2026 18:51;747,0
52,65;27,77;72,05;25/09/2026 18:52;748,0
52,51;27,22;72,11;25/09/2026 18:52;749,0
52,34;26,66;72,17;25/09/2026 18:52;750,0
52,15;26,11;72,22;25/09/2026 18:52;751,0
51,98;25,56;72,28;25/09/2026 18:52;752,0
51,81;25,0;72,34;25/09/2026 18:52;753,0
51,63;24,45;72,39;25/09/2026 18:52;754,0
51,44;23,88;72,45;25/09/2026 18:52;755,0
51,24;23,33;72,51;25/09/2026 18:52;756,0
51,06;22,78;72,57;25/09/2026 18:52;757,0
50,84;22,22;72,63;25/09/2026 18:52;758,0
50,62;21,67;72,7;25/09/2026 18:52;759,0
50,44;21,1;72,76;25/09/2026 18:52;760,0
50,21;20,56;72,82;25/09/2026 18:52;761,0
50,0;20,01;72,91;25/09/2026 18:52;762,0
49,73;19,44;72,98;25/09/2026 18:52;763,0
49,52;18,89;73,05;25/09/2026 18:52;764,0
49,27;18,33;73,13;25/09/2026 18:52;765,0
49,0;17,78;73,2;25/09/2026 18:52;766,0
48,77;17,23;73,28;25/09/2026 18:52;767,0
48,5;16,66;73,36;25/09/2026 18:52;768,0
48,19;16,11;73,45;25/09/2026 18:52;769,0
48,06;15,55;73,54;25/09/2026 18:52;770,0
47,69;15,0;73,62;25/09/2026 18:52;771,0
47,69;15,0;73,62;25/09/2026 18:52;772,0
47,08;13,89;73,8;25/09/2026 18:52;773,0
47,08;13,89;73,8;25/09/2026 18:52;774,0
46,77;13,34;73,89;25/09/2026 18:52;775,0
46,45;12,77;73,99;25/09/2026 18:52;776,0
45,88;11,67;74,18;25/09/2026 18:52;777,0
45,47;11,11;74,29;25/09/2026 18:52;778,0
45,47;11,11;74,29;25/09/2026 18:52;779,0
45,08;10,56;74,42;25/09/2026 18:52;780,0
44,83;10,0;74,53;25/09/2026 18:52;781,0
44,35;9,45;74,63;25/09/2026 18:52;782,0
43,98;8,88;74,74;25/09/2026 18:52;783,0
43,59;8,33;74,86;25/09/2026 18:52;784,0
43,39;7,78;74,97;25/09/2026 18:52;785,0
42,83;7,22;75,09;25/09/2026 18:52;786,0
42,46;6,67;75,22;25/09/2026 18:52;787,0
42,04;6,1;75,34;25/09/2026 18:52;788,0
41,61;5,55;75,5;25/09/2026 18:52;789,0
41,17;5,01;75,63;25/09/2026 18:52;790,0
40,67;4,44;75,76;25/09/2026 18:52;791,0
40,26;3,89;75,89;25/09/2026 18:52;792,0
39,85;2,78;76,02;25/09/2026 18:52;793,0
39,33;2,23;76,16;25/09/2026 18:52;794,0
38,85;1,66;76,29;25/09/2026 18:52;795,0
38,41;1,11;76,43;25/09/2026 18:52;796,0
37,97;0,55;76,56;25/09/2026 18:52;797,0
37,41;0,0;76,71;25/09/2026 18:52;798,0
36,97;0,0;76,87;25/09/2026 18:52;799,0
36,47;0,0;77,04;25/09/2026 18:52;800,0
35,93;0,0;77,2;25/09/2026 18:52;801,0
35,51;0,0;77,36;25/09/2026 18:52;802,0
35,07;0,0;77,56;25/09/2026 18:52;803,0
34,72;0,0;77,71;25/09/2026 18:52;804,0
34,2;0,0;77,86;25/09/2026 18:52;805,0
33,8;0,0;78,0;25/09/2026 18:52;806,0
33,47;0,0;78,14;25/09/2026 18:52;807,0
33,04;0,0;78,27;25/09/2026 18:53;808,0
32,65;0,0;78,39;25/09/2026 18:53;809,0
32,28;0,0;78,49;25/09/2026 18:53;810,0
31,91;0,0;78,58;25/09/2026 18:53;811,0
31,54;0,0;78,65;25/09/2026 18:53;812,0
31,19;0,0;78,71;25/09/2026 18:53;813,0
30,84;0,0;78,77;25/09/2026 18:53;814,0
30,54;0,0;78,84;25/09/2026 18:53;815,0
30,26;0,0;78,88;25/09/2026 18:53;816,0
29,87;0,0;78,92;25/09/2026 18:53;817,0
29,54;0,0;78,95;25/09/2026 18:53;818,0
29,26;0,0;78,98;25/09/2026 18:53;819,0
28,95;0,0;78,99;25/09/2026 18:53;820,0
28,63;0,0;79,0;25/09/2026 18:53;821,0
28,37;0,0;79,01;25/09/2026 18:53;822,0
28,13;0,0;79,0;25/09/2026 18:53;823,0
27,74;0,0;78,99;25/09/2026 18:53;824,0
27,49;0,0;78,97;25/09/2026 18:53;825,0
27,17;0,0;78,95;25/09/2026 18:53;826,0
26,92;0,0;78,92;25/09/2026 18:53;827,0
26,64;0,0;78,89;25/09/2026 18:53;828,0
26,38;0,0;78,85;25/09/2026 18:53;829,0
26,38;0,0;78,85;25/09/2026 18:53;830,0
25,89;0,0;78,77;25/09/2026 18:53;831,0
25,89;0,0;78,77;25/09/2026 18:53;832,0
25,61;0,0;78,74;25/09/2026 18:53;833,0
25,35;0,0;78,7;25/09/2026 18:53;834,0
25,12;0,0;78,67;25/09/2026 18:53;835,0
24,86;0,0;78,64;25/09/2026 18:53;836,0
24,61;0,0;78,6;25/09/2026 18:53;837,0
24,37;0,0;78,57;25/09/2026 18:53;838,0
24,18;0,0;78,55;25/09/2026 18:53;839,0
23,93;0,0;78,52;25/09/2026 18:53;840,0
23,7;0,0;78,49;25/09/2026 18:53;841,0
23,47;0,0;78,46;25/09/2026 18:53;842,0
23,26;0,0;78,44;25/09/2026 18:53;843,0
23,06;0,0;78,41;25/09/2026 18:53;844,0
22,86;0,0;78,39;25/09/2026 18:53;845,0
22,62;0,0;78,37;25/09/2026 18:53;846,0
22,46;0,0;78,34;25/09/2026 18:53;847,0
22,23;0,0;78,32;25/09/2026 18:53;848,0
22,01;0,0;78,3;25/09/2026 18:53;849,0
21,8;0,0;78,28;25/09/2026 18:53;850,0
21,61;0,0;78,26;25/09/2026 18:53;851,0
21,42;0,0;78,24;25/09/2026 18:53;852,0
21,28;0,0;78,22;25/09/2026 18:53;853,0
21,07;0,0;78,19;25/09/2026 18:53;854,0
20,91;0,0;78,17;25/09/2026 18:53;855,0
20,72;0,0;78,15;25/09/2026 18:53;856,0
20,54;0,0;78,13;25/09/2026 18:53;857,0
20,36;0,0;78,11;25/09/2026 18:53;858,0
20,19;0,0;78,1;25/09/2026 18:53;859,0
20,03;0,0;78,08;25/09/2026 18:53;860,0
19,87;0,0;78,06;25/09/2026 18:53;861,0
19,69;0,0;78,04;25/09/2026 18:53;862,0
19,56;0,0;78,03;25/09/2026 18:53;863,0
19,39;0,0;78,01;25/09/2026 18:53;864,0
19,23;0,0;77,99;25/09/2026 18:53;865,0
19,12;0,0;77,97;25/09/2026 18:53;866,0
18,93;0,0;77,96;25/09/2026 18:53;867,0
18,78;0,0;77,94;25/09/2026 18:54;868,0
18,64;0,0;77,92;25/09/2026 18:54;869,0
18,5;0,0;77,9;25/09/2026 18:54;870,0
18,35;0,0;77,89;25/09/2026 18:54;871,0
18,21;0,0;77,87;25/09/2026 18:54;872,0
18,06;0,0;77,85;25/09/2026 18:54;873,0
17,94;0,0;77,84;25/09/2026 18:54;874,0
17,94;0,0;77,84;25/09/2026 18:54;875,0
17,66;0,0;77,81;25/09/2026 18:54;876,0
17,66;0,0;77,81;25/09/2026 18:54;877,0
17,54;0,0;77,79;25/09/2026 18:54;878,0
17,43;0,0;77,78;25/09/2026 18:54;879,0
17,29;0,0;77,77;25/09/2026 18:54;880,0
17,16;0,0;77,75;25/09/2026 18:54;881,0
17,05;0,0;77,74;25/09/2026 18:54;882,0
16,94;0,0;77,73;25/09/2026 18:54;883,0
16,84;0,0;77,71;25/09/2026 18:54;884,0
16,72;0,0;77,7;25/09/2026 18:54;885,0
16,61;0,0;77,68;25/09/2026 18:54;886,0
16,49;0,0;77,67;25/09/2026 18:54;887,0
16,37;0,0;77,66;25/09/2026 18:54;888,0
16,31;0,0;77,64;25/09/2026 18:54;889,0
16,18;0,0;77,63;25/09/2026 18:54;890,0
16,07;0,0;77,62;25/09/2026 18:54;891,0
15,96;0,0;77,6;25/09/2026 18:54;892,0
15,86;0,0;77,59;25/09/2026 18:54;893,0
15,77;0,0;77,58;25/09/2026 18:54;894,0
15,68;0,0;77,56;25/09/2026 18:54;895,0
15,58;0,0;77,55;25/09/2026 18:54;896,0
15,49;0,0;77,54;25/09/2026 18:54;897,0
15,39;0,0;77,52;25/09/2026 18:54;898,0
15,29;0,0;77,51;25/09/2026 18:54;899,0
15,21;0,0;77,5;25/09/2026 18:54;900,0
15,13;0,0;77,49;25/09/2026 18:54;901,0
15,03;0,0;77,47;25/09/2026 18:54;902,0
14,97;0,0;77,46;25/09/2026 18:54;903,0
14,88;0,0;77,44;25/09/2026 18:54;904,0
14,79;0,0;77,43;25/09/2026 18:54;905,0
14,7;0,0;77,42;25/09/2026 18:54;906,0
14,64;0,0;77,41;25/09/2026 18:54;907,0
14,55;0,0;77,39;25/09/2026 18:54;908,0
14,48;0,0;77,38;25/09/2026 18:54;909,0
14,39;0,0;77,37;25/09/2026 18:54;910,0
14,33;0,0;77,35;25/09/2026 18:54;911,0
14,25;0,0;77,34;25/09/2026 18:54;912,0
14,17;0,0;77,33;25/09/2026 18:54;913,0
14,11;0,0;77,31;25/09/2026 18:54;914,0
14,05;0,0;77,3;25/09/2026 18:54;915,0
13,97;0,0;77,29;25/09/2026 18:54;916,0
13,9;0,0;77,27;25/09/2026 18:54;917,0
13,86;0,0;77,26;25/09/2026 18:54;918,0
13,77;0,0;77,24;25/09/2026 18:54;919,0
13,7;0,0;77,23;25/09/2026 18:54;920,0
13,63;0,0;77,22;25/09/2026 18:54;921,0
13,58;0,0;77,21;25/09/2026 18:54;922,0
13,51;0,0;77,19;25/09/2026 18:54;923,0
13,45;0,0;77,18;25/09/2026 18:54;924,0
13,4;0,0;77,16;25/09/2026 18:54;925,0
13,34;0,0;77,15;25/09/2026 18:54;926,0
13,28;0,0;77,14;25/09/2026 18:54;927,0
13,28;0,0;77,14;25/09/2026 18:55;928,0
13,22;0,0;77,12;25/09/2026 18:55;929,0
13,17;0,0;77,11;25/09/2026 18:55;930,0
13,12;0,0;77,1;25/09/2026 18:55;931,0
13,06;0,0;77,08;25/09/2026 18:55;932,0
13,01;0,0;77,06;25/09/2026 18:55;933,0
12,96;0,0;77,05;25/09/2026 18:55;934,0
12,9;0,0;77,04;25/09/2026 18:55;935,0
12,85;0,0;77,02;25/09/2026 18:55;936,0
12,8;0,0;77,01;25/09/2026 18:55;937,0
12,75;0,0;76,99;25/09/2026 18:55;938,0
12,7;0,0;76,98;25/09/2026 18:55;939,0
12,65;0,0;76,96;25/09/2026 18:55;940,0
12,62;0,0;76,95;25/09/2026 18:55;941,0
12,56;0,0;76,94;25/09/2026 18:55;942,0
12,51;0,0;76,92;25/09/2026 18:55;943,0
12,47;0,0;76,91;25/09/2026 18:55;944,0
12,42;0,0;76,89;25/09/2026 18:55;945,0
12,39;0,0;76,87;25/09/2026 18:55;946,0
12,34;0,0;76,86;25/09/2026 18:55;947,0
12,3;0,0;76,84;25/09/2026 18:55;948,0
12,26;0,0;76,83;25/09/2026 18:55;949,0
12,22;0,0;76,81;25/09/2026 18:55;950,0
12,19;0,0;76,79;25/09/2026 18:55;951,0
12,14;0,0;76,78;25/09/2026 18:55;952,0
12,12;0,0;76,76;25/09/2026 18:55;953,0
12,06;0,0;76,74;25/09/2026 18:55;954,0
12,03;0,0;76,73;25/09/2026 18:55;955,0
11,99;0,0;76,74;25/09/2026 18:55;956,0
11,96;0,0;76,76;25/09/2026 18:55;957,0
11,93;0,0;76,8;25/09/2026 18:55;958,0
11,9;0,0;76,87;25/09/2026 18:55;959,0
11,87;0,0;76,95;25/09/2026 18:55;960,0
11,84;0,0;77,04;25/09/2026 18:55;961,0
11,82;0,0;77,18;25/09/2026 18:55;962,0
11,8;0,0;77,3;25/09/2026 18:55;963,0
11,76;0,0;77,42;25/09/2026 18:55;964,0
11,74;0,0;77,56;25/09/2026 18:55;965,0
11,73;0,0;77,7;25/09/2026 18:55;966,0
11,7;0,0;77,85;25/09/2026 18:55;967,0
11,68;0,0;77,99;25/09/2026 18:55;968,0
11,66;0,0;78,11;25/09/2026 18:55;969,0
11,63;0,0;78,22;25/09/2026 18:55;970,0
11,62;0,0;78,32;25/09/2026 18:55;971,0
11,6;0,0;78,4;25/09/2026 18:55;972,0
11,58;0,0;78,47;25/09/2026 18:55;973,0
11,56;0,0;78,54;25/09/2026 18:55;974,0
11,54;0,0;78,59;25/09/2026 18:55;975,0
11,52;0,0;78,65;25/09/2026 18:55;976,0
11,51;0,0;78,68;25/09/2026 18:55;977,0
11,49;0,0;78,71;25/09/2026 18:55;978,0
11,47;0,0;78,73;25/09/2026 18:55;979,0
11,45;0,0;78,74;25/09/2026 18:55;980,0
11,43;0,0;78,74;25/09/2026 18:55;981,0
11,41;0,0;78,74;25/09/2026 18:55;982,0
11,4;0,0;78,73;25/09/2026 18:55;983,0
11,38;0,0;78,71;25/09/2026 18:55;984,0
11,36;0,0;78,69;25/09/2026 18:55;985,0
11,36;0,0;78,69;25/09/2026 18:55;986,0
11,34;0,0;78,67;25/09/2026 18:55;987,0
11,33;0,0;78,63;25/09/2026 18:56;988,0
11,3;0,0;78,6;25/09/2026 18:56;989,0
11,29;0,0;78,56;25/09/2026 18:56;990,0
11,27;0,0;78,53;25/09/2026 18:56;991,0
11,26;0,0;78,5;25/09/2026 18:56;992,0
11,24;0,0;78,47;25/09/2026 18:56;993,0
11,23;0,0;78,44;25/09/2026 18:56;994,0
11,21;0,0;78,41;25/09/2026 18:56;995,0
11,19;0,0;78,39;25/09/2026 18:56;996,0
11,18;0,0;78,36;25/09/2026 18:56;997,0
11,16;0,0;78,33;25/09/2026 18:56;998,0
11,15;0,0;78,31;25/09/2026 18:56;999,0
11,13;0,0;78,28;25/09/2026 18:56;1000,0
11,12;0,0;78,26;25/09/2026 18:56;1001,0
11,1;0,0;78,23;25/09/2026 18:56;1002,0
11,08;0,0;78,21;25/09/2026 18:56;1003,0
11,07;0,0;78,19;25/09/2026 18:56;1004,0
11,06;0,0;78,17;25/09/2026 18:56;1005,0
11,04;0,0;78,15;25/09/2026 18:56;1006,0
11,03;0,0;78,12;25/09/2026 18:56;1007,0
11,02;0,0;78,1;25/09/2026 18:56;1008,0
11,0;0,0;78,08;25/09/2026 18:56;1009,0
10,99;0,0;78,06;25/09/2026 18:56;1010,0
10,98;0,0;78,04;25/09/2026 18:56;1011,0
10,96;0,0;78,02;25/09/2026 18:56;1012,0
10,94;0,0;78,0;25/09/2026 18:56;1013,0
10,94;0,0;77,98;25/09/2026 18:56;1014,0
10,93;0,0;77,96;25/09/2026 18:56;1015,0
10,91;0,0;77,94;25/09/2026 18:56;1016,0
10,9;0,0;77,92;25/09/2026 18:56;1017,0
10,88;0,0;77,91;25/09/2026 18:56;1018,0
10,88;0,0;77,89;25/09/2026 18:56;1019,0
10,87;0,0;77,87;25/09/2026 18:56;1020,0
10,85;0,0;77,85;25/09/2026 18:56;1021,0
10,84;0,0;77,84;25/09/2026 18:56;1022,0
10,83;0,0;77,82;25/09/2026 18:56;1023,0
10,82;0,0;77,8;25/09/2026 18:56;1024,0
10,81;0,0;77,78;25/09/2026 18:56;1025,0
10,8;0,0;77,77;25/09/2026 18:56;1026,0
10,79;0,0;77,75;25/09/2026 18:56;1027,0
