0,0
0.25,0
0.5,0
0.75,0
1,0
1.25,0
1.5,0
1.75,0
2,0
2.25,0
2.5,0
2.75,0
3,0
3.25,0
3.5,0
3.75,0
4,0
4.25,0
4.5,0
4.75,0
5,0
5.25,0
5.5,0
5.75,0
6,0
6.25,0
6.5,0
6.75,0
7,0
7.25,0
7.5,0
7.75,0
8,0
8.25,0
8.5,0
8.75,0
9,0
9.25,0
9.5,0
9.75,0
10,0
10.25,0
10.5,0
10.75,0
11,0
11.25,0
11.5,0
11.75,0
12,0
12.25,0
12.5,0
12.75,0
13,0
13.25,0
13.5,0
13.75,0
14,0
14.25,0
14.5,0
14.75,0
15,0
15.25,0
15.5,0
15.75,0
16,0
16.25,0
16.5,0
16.75,0
17,0
17.25,0
17.5,0
17.75,0
18,0
18.25,0
18.5,0
18.75,0
19,0
19.25,0
19.5,0
19.75,0
20,50
20.25,50
20.5,50
20.75,50
21,50
21.25,50
21.5,50
21.75,50
22,50
22.25,50
22.5,50
22.75,50
23,50
23.25,50
23.5,50
23.75,50
24,50
24.25,50
24.5,50
24.75,50
25,50
25.25,50
25.5,50
25.75,50
26,50
26.25,50
26.5,50
26.75,50
27,50
27.25,50
27.5,50
27.75,50
28,50
28.25,50
28.5,50
28.75,50
29,50
29.25,50
29.5,50
29.75,50
30,50
30.25,50
30.5,50
30.75,50
31,50
31.25,50
31.5,50
31.75,50
32,50
32.25,50
32.5,50
32.75,50
33,50
33.25,50
33.5,50
33.75,50
34,50
34.25,50
34.5,50
34.75,50
35,50
35.25,50
35.5,50
35.75,50
36,50
36.25,50
36.5,50
36.75,50
37,50
37.25,50
37.5,50
37.75,50
38,50
38.25,50
38.5,50
38.75,50
39,50
39.25,50
39.5,50
39.75,50
40,81.472
40.25,81.472
40.5,81.472
40.75,81.472
41,81.472
41.25,81.472
41.5,81.472
41.75,81.472
42,81.472
42.25,81.472
42.5,81.472
42.75,81.472
43,81.472
43.25,81.472
43.5,81.472
43.75,81.472
44,81.472
44.25,81.472
44.5,81.472
44.75,81.472
45,81.472
45.25,81.472
45.5,81.472
45.75,81.472
46,81.472
46.25,81.472
46.5,81.472
46.75,81.472
47,81.472
47.25,81.472
47.5,81.472
47.75,81.472
48,81.472
48.25,81.472
48.5,81.472
48.75,81.472
49,81.472
49.25,81.472
49.5,81.472
49.75,81.472
50,81.472
50.25,81.472
50.5,81.472
50.75,81.472
51,81.472
51.25,81.472
51.5,81.472
51.75,81.472
52,81.472
52.25,81.472
52.5,81.472
52.75,81.472
53,81.472
53.25,81.472
53.5,81.472
53.75,81.472
54,81.472
54.25,81.472
54.5,81.472
54.75,81.472
55,81.472
55.25,81.472
55.5,81.472
55.75,81.472
56,81.472
56.25,81.472
56.5,81.472
56.75,81.472
57,81.472
57.25,81.472
57.5,81.472
57.75,81.472
58,81.472
58.25,81.472
58.5,81.472
58.75,81.472
59,81.472
59.25,81.472
59.5,81.472
59.75,81.472
60,81.472
60.25,81.472
60.5,81.472
60.75,81.472
61,81.472
61.25,81.472
61.5,81.472
61.75,81.472
62,81.472
62.25,81.472
62.5,81.472
62.75,81.472
63,81.472
63.25,81.472
63.5,81.472
63.75,81.472
64,81.472
64.25,81.472
64.5,81.472
64.75,81.472
65,81.472
65.25,81.472
65.5,81.472
65.75,81.472
66,81.472
66.25,81.472
66.5,81.472
66.75,81.472
67,81.472
67.25,81.472
67.5,81.472
67.75,81.472
68,81.472
68.25,81.472
68.5,81.472
68.75,81.472
69,81.472
69.25,81.472
69.5,81.472
69.75,81.472
70,81.472
70.25,81.472
70.5,81.472
70.75,81.472
71,81.472
71.25,81.472
71.5,81.472
71.75,81.472
72,81.472
72.25,81.472
72.5,81.472
72.75,81.472
73,81.472
73.25,81.472
73.5,81.472
73.75,81.472
74,81.472
74.25,81.472
74.5,81.472
74.75,81.472
75,81.472
75.25,81.472
75.5,81.472
75.75,81.472
76,81.472
76.25,81.472
76.5,81.472
76.75,81.472
77,81.472
77.25,81.472
77.5,81.472
77.75,81.472
78,81.472
78.25,81.472
78.5,81.472
78.75,81.472
79,81.472
79.25,81.472
79.5,81.472
79.75,81.472
80,81.472
80.25,81.472
80.5,81.472
80.75,81.472
81,81.472
81.25,81.472
81.5,81.472
81.75,81.472
82,81.472
82.25,81.472
82.5,81.472
82.75,81.472
83,81.472
83.25,81.472
83.5,81.472
83.75,81.472
84,81.472
84.25,81.472
84.5,81.472
84.75,81.472
85,81.472
85.25,81.472
85.5,81.472
85.75,81.472
86,81.472
86.25,81.472
86.5,81.472
86.75,81.472
87,81.472
87.25,81.472
87.5,81.472
87.75,81.472
88,81.472
88.25,81.472
88.5,81.472
88.75,81.472
89,81.472
89.25,81.472
89.5,81.472
89.75,81.472
90,81.472
90.25,81.472
90.5,81.472
90.75,81.472
91,81.472
91.25,81.472
91.5,81.472
91.75,81.472
92,81.472
92.25,81.472
92.5,81.472
92.75,81.472
93,81.472
93.25,81.472
93.5,81.472
93.75,81.472
94,81.472
94.25,81.472
94.5,81.472
94.75,81.472
95,81.472
95.25,81.472
95.5,81.472
95.75,81.472
96,81.472
96.25,81.472
96.5,81.472
96.75,81.472
97,81.472
97.25,81.472
97.5,81.472
97.75,81.472
98,81.472
98.25,81.472
98.5,81.472
98.75,81.472
99,81.472
99.25,81.472
99.5,81.472
99.75,81.472
100,81.472
100.25,81.472
100.5,81.472
100.75,81.472
101,81.472
101.25,81.472
101.5,81.472
101.75,81.472
102,81.472
102.25,81.472
102.5,81.472
102.75,81.472
103,81.472
103.25,81.472
103.5,81.472
103.75,81.472
104,81.472
104.25,81.472
104.5,81.472
104.75,81.472
105,81.472
105.25,81.472
105.5,81.472
105.75,81.472
106,81.472
106.25,81.472
106.5,81.472
106.75,81.472
107,81.472
107.25,81.472
107.5,81.472
107.75,81.472
108,81.472
108.25,81.472
108.5,81.472
108.75,81.472
109,81.472
109.25,81.472
109.5,81.472
109.75,81.472
110,81.472
110.25,81.472
110.5,81.472
110.75,81.472
111,81.472
111.25,81.472
111.5,81.472
111.75,81.472
112,81.472
112.25,81.472
112.5,81.472
112.75,81.472
113,81.472
113.25,81.472
113.5,81.472
113.75,81.472
114,81.472
114.25,81.472
114.5,81.472
114.75,81.472
115,81.472
115.25,81.472
115.5,81.472
115.75,81.472
116,81.472
116.25,81.472
116.5,81.472
116.75,81.472
117,81.472
117.25,81.472
117.5,81.472
117.75,81.472
118,81.472
118.25,81.472
118.5,81.472
118.75,81.472
119,81.472
119.25,81.472
119.5,81.472
119.75,81.472
120,81.472
120.25,81.472
120.5,81.472
120.75,81.472
121,81.472
121.25,81.472
121.5,81.472
121.75,81.472
122,81.472
122.25,81.472
122.5,81.472
122.75,81.472
123,81.472
123.25,81.472
123.5,81.472
123.75,81.472
124,81.472
124.25,81.472
124.5,81.472
124.75,81.472
125,81.472
125.25,81.472
125.5,81.472
125.75,81.472
126,81.472
126.25,81.472
126.5,81.472
126.75,81.472
127,81.472
127.25,81.472
127.5,81.472
127.75,81.472
128,81.472
128.25,81.472
128.5,81.472
128.75,81.472
129,81.472
129.25,81.472
129.5,81.472
129.75,81.472
130,81.472
130.25,81.472
130.5,81.472
130.75,81.472
131,81.472
131.25,81.472
131.5,81.472
131.75,81.472
132,81.472
132.25,81.472
132.5,81.472
132.75,81.472
133,81.472
133.25,81.472
133.5,81.472
133.75,81.472
134,81.472
134.25,81.472
134.5,81.472
134.75,81.472
135,81.472
135.25,81.472
135.5,81.472
135.75,81.472
136,81.472
136.25,81.472
136.5,81.472
136.75,81.472
137,81.472
137.25,81.472
137.5,81.472
137.75,81.472
138,81.472
138.25,81.472
138.5,81.472
138.75,81.472
139,81.472
139.25,81.472
139.5,81.472
139.75,81.472
140,81.472
140.25,81.472
140.5,81.472
140.75,81.472
141,81.472
141.25,81.472
141.5,81.472
141.75,81.472
142,81.472
142.25,81.472
142.5,81.472
142.75,81.472
143,81.472
143.25,81.472
143.5,81.472
143.75,81.472
144,81.472
144.25,81.472
144.5,81.472
144.75,81.472
145,81.472
145.25,81.472
145.5,81.472
145.75,81.472
146,81.472
146.25,81.472
146.5,81.472
146.75,81.472
147,81.472
147.25,81.472
147.5,81.472
147.75,81.472
148,81.472
148.25,81.472
148.5,81.472
148.75,81.472
149,81.472
149.25,81.472
149.5,81.472
149.75,81.472
150,81.472
150.25,81.472
150.5,81.472
150.75,81.472
151,81.472
151.25,81.472
151.5,81.472
151.75,81.472
152,81.472
152.25,81.472
152.5,81.472
152.75,81.472
153,81.472
153.25,81.472
153.5,81.472
153.75,81.472
154,81.472
154.25,81.472
154.5,81.472
154.75,81.472
155,81.472
155.25,81.472
155.5,81.472
155.75,81.472
156,81.472
156.25,81.472
156.5,81.472
156.75,81.472
157,81.472
157.25,81.472
157.5,81.472
157.75,81.472
158,81.472
158.25,81.472
158.5,81.472
158.75,81.472
159,81.472
159.25,81.472
159.5,81.472
159.75,81.472
160,90.579
160.25,90.579
160.5,90.579
160.75,90.579
161,90.579
161.25,90.579
161.5,90.579
161.75,90.579
162,90.579
162.25,90.579
162.5,90.579
162.75,90.579
163,90.579
163.25,90.579
163.5,90.579
163.75,90.579
164,90.579
164.25,90.579
164.5,90.579
164.75,90.579
165,90.579
165.25,90.579
165.5,90.579
165.75,90.579
166,90.579
166.25,90.579
166.5,90.579
166.75,90.579
167,90.579
167.25,90.579
167.5,90.579
167.75,90.579
168,90.579
168.25,90.579
168.5,90.579
168.75,90.579
169,90.579
169.25,90.579
169.5,90.579
169.75,90.579
170,90.579
170.25,90.579
170.5,90.579
170.75,90.579
171,90.579
171.25,90.579
171.5,90.579
171.75,90.579
172,90.579
172.25,90.579
172.5,90.579
172.75,90.579
173,90.579
173.25,90.579
173.5,90.579
173.75,90.579
174,90.579
174.25,90.579
174.5,90.579
174.75,90.579
175,90.579
175.25,90.579
175.5,90.579
175.75,90.579
176,90.579
176.25,90.579
176.5,90.579
176.75,90.579
177,90.579
177.25,90.579
177.5,90.579
177.75,90.579
178,90.579
178.25,90.579
178.5,90.579
178.75,90.579
179,90.579
179.25,90.579
179.5,90.579
179.75,90.579
180,90.579
180.25,90.579
180.5,90.579
180.75,90.579
181,90.579
181.25,90.579
181.5,90.579
181.75,90.579
182,90.579
182.25,90.579
182.5,90.579
182.75,90.579
183,90.579
183.25,90.579
183.5,90.579
183.75,90.579
184,90.579
184.25,90.579
184.5,90.579
184.75,90.579
185,90.579
185.25,90.579
185.5,90.579
185.75,90.579
186,90.579
186.25,90.579
186.5,90.579
186.75,90.579
187,90.579
187.25,90.579
187.5,90.579
187.75,90.579
188,90.579
188.25,90.579
188.5,90.579
188.75,90.579
189,90.579
189.25,90.579
189.5,90.579
189.75,90.579
190,90.579
190.25,90.579
190.5,90.579
190.75,90.579
191,90.579
191.25,90.579
191.5,90.579
191.75,90.579
192,90.579
192.25,90.579
192.5,90.579
192.75,90.579
193,90.579
193.25,90.579
193.5,90.579
193.75,90.579
194,90.579
194.25,90.579
194.5,90.579
194.75,90.579
195,90.579
195.25,90.579
195.5,90.579
195.75,90.579
196,90.579
196.25,90.579
196.5,90.579
196.75,90.579
197,90.579
197.25,90.579
197.5,90.579
197.75,90.579
198,90.579
198.25,90.579
198.5,90.579
198.75,90.579
199,90.579
199.25,90.579
199.5,90.579
199.75,90.579
200,90.579
200.25,90.579
200.5,90.579
200.75,90.579
201,90.579
201.25,90.579
201.5,90.579
201.75,90.579
202,90.579
202.25,90.579
202.5,90.579
202.75,90.579
203,90.579
203.25,90.579
203.5,90.579
203.75,90.579
204,90.579
204.25,90.579
204.5,90.579
204.75,90.579
205,90.579
205.25,90.579
205.5,90.579
205.75,90.579
206,90.579
206.25,90.579
206.5,90.579
206.75,90.579
207,90.579
207.25,90.579
207.5,90.579
207.75,90.579
208,90.579
208.25,90.579
208.5,90.579
208.75,90.579
209,90.579
209.25,90.579
209.5,90.579
209.75,90.579
210,90.579
210.25,90.579
210.5,90.579
210.75,90.579
211,90.579
211.25,90.579
211.5,90.579
211.75,90.579
212,90.579
212.25,90.579
212.5,90.579
212.75,90.579
213,90.579
213.25,90.579
213.5,90.579
213.75,90.579
214,90.579
214.25,90.579
214.5,90.579
214.75,90.579
215,90.579
215.25,90.579
215.5,90.579
215.75,90.579
216,90.579
216.25,90.579
216.5,90.579
216.75,90.579
217,90.579
217.25,90.579
217.5,90.579
217.75,90.579
218,90.579
218.25,90.579
218.5,90.579
218.75,90.579
219,90.579
219.25,90.579
219.5,90.579
219.75,90.579
220,90.579
220.25,90.579
220.5,90.579
220.75,90.579
221,90.579
221.25,90.579
221.5,90.579
221.75,90.579
222,90.579
222.25,90.579
222.5,90.579
222.75,90.579
223,90.579
223.25,90.579
223.5,90.579
223.75,90.579
224,90.579
224.25,90.579
224.5,90.579
224.75,90.579
225,90.579
225.25,90.579
225.5,90.579
225.75,90.579
226,90.579
226.25,90.579
226.5,90.579
226.75,90.579
227,90.579
227.25,90.579
227.5,90.579
227.75,90.579
228,90.579
228.25,90.579
228.5,90.579
228.75,90.579
229,90.579
229.25,90.579
229.5,90.579
229.75,90.579
230,90.579
230.25,90.579
230.5,90.579
230.75,90.579
231,90.579
231.25,90.579
231.5,90.579
231.75,90.579
232,90.579
232.25,90.579
232.5,90.579
232.75,90.579
233,90.579
233.25,90.579
233.5,90.579
233.75,90.579
234,90.579
234.25,90.579
234.5,90.579
234.75,90.579
235,90.579
235.25,90.579
235.5,90.579
235.75,90.579
236,90.579
236.25,90.579
236.5,90.579
236.75,90.579
237,90.579
237.25,90.579
237.5,90.579
237.75,90.579
238,90.579
238.25,90.579
238.5,90.579
238.75,90.579
239,90.579
239.25,90.579
239.5,90.579
239.75,90.579
240,90.579
240.25,90.579
240.5,90.579
240.75,90.579
241,90.579
241.25,90.579
241.5,90.579
241.75,90.579
242,90.579
242.25,90.579
242.5,90.579
242.75,90.579
243,90.579
243.25,90.579
243.5,90.579
243.75,90.579
244,90.579
244.25,90.579
244.5,90.579
244.75,90.579
245,90.579
245.25,90.579
245.5,90.579
245.75,90.579
246,90.579
246.25,90.579
246.5,90.579
246.75,90.579
247,90.579
247.25,90.579
247.5,90.579
247.75,90.579
248,90.579
248.25,90.579
248.5,90.579
248.75,90.579
249,90.579
249.25,90.579
249.5,90.579
249.75,90.579
250,90.579
250.25,90.579
250.5,90.579
250.75,90.579
251,90.579
251.25,90.579
251.5,90.579
251.75,90.579
252,90.579
252.25,90.579
252.5,90.579
252.75,90.579
253,90.579
253.25,90.579
253.5,90.579
253.75,90.579
254,90.579
254.25,90.579
254.5,90.579
254.75,90.579
255,90.579
255.25,90.579
255.5,90.579
255.75,90.579
256,90.579
256.25,90.579
256.5,90.579
256.75,90.579
257,90.579
257.25,90.579
257.5,90.579
257.75,90.579
258,90.579
258.25,90.579
258.5,90.579
258.75,90.579
259,90.579
259.25,90.579
259.5,90.579
259.75,90.579
260,90.579
260.25,90.579
260.5,90.579
260.75,90.579
261,90.579
261.25,90.579
261.5,90.579
261.75,90.579
262,90.579
262.25,90.579
262.5,90.579
262.75,90.579
263,90.579
263.25,90.579
263.5,90.579
263.75,90.579
264,90.579
264.25,90.579
264.5,90.579
264.75,90.579
265,90.579
265.25,90.579
265.5,90.579
265.75,90.579
266,90.579
266.25,90.579
266.5,90.579
266.75,90.579
267,90.579
267.25,90.579
267.5,90.579
267.75,90.579
268,90.579
268.25,90.579
268.5,90.579
268.75,90.579
269,90.579
269.25,90.579
269.5,90.579
269.75,90.579
270,90.579
270.25,90.579
270.5,90.579
270.75,90.579
271,90.579
271.25,90.579
271.5,90.579
271.75,90.579
272,90.579
272.25,90.579
272.5,90.579
272.75,90.579
273,90.579
273.25,90.579
273.5,90.579
273.75,90.579
274,90.579
274.25,90.579
274.5,90.579
274.75,90.579
275,90.579
275.25,90.579
275.5,90.579
275.75,90.579
276,90.579
276.25,90.579
276.5,90.579
276.75,90.579
277,90.579
277.25,90.579
277.5,90.579
277.75,90.579
278,90.579
278.25,90.579
278.5,90.579
278.75,90.579
279,90.579
279.25,90.579
279.5,90.579
279.75,90.579
280,12.699
280.25,12.699
280.5,12.699
280.75,12.699
281,12.699
281.25,12.699
281.5,12.699
281.75,12.699
282,12.699
282.25,12.699
282.5,12.699
282.75,12.699
283,12.699
283.25,12.699
283.5,12.699
283.75,12.699
284,12.699
284.25,12.699
284.5,12.699
284.75,12.699
285,12.699
285.25,12.699
285.5,12.699
285.75,12.699
286,12.699
286.25,12.699
286.5,12.699
286.75,12.699
287,12.699
287.25,12.699
287.5,12.699
287.75,12.699
288,12.699
288.25,12.699
288.5,12.699
288.75,12.699
289,12.699
289.25,12.699
289.5,12.699
289.75,12.699
290,12.699
290.25,12.699
290.5,12.699
290.75,12.699
291,12.699
291.25,12.699
291.5,12.699
291.75,12.699
292,12.699
292.25,12.699
292.5,12.699
292.75,12.699
293,12.699
293.25,12.699
293.5,12.699
293.75,12.699
294,12.699
294.25,12.699
294.5,12.699
294.75,12.699
295,12.699
295.25,12.699
295.5,12.699
295.75,12.699
296,12.699
296.25,12.699
296.5,12.699
296.75,12.699
297,12.699
297.25,12.699
297.5,12.699
297.75,12.699
298,12.699
298.25,12.699
298.5,12.699
298.75,12.699
299,12.699
299.25,12.699
299.5,12.699
299.75,12.699
300,12.699
300.25,12.699
300.5,12.699
300.75,12.699
301,12.699
301.25,12.699
301.5,12.699
301.75,12.699
302,12.699
302.25,12.699
302.5,12.699
302.75,12.699
303,12.699
303.25,12.699
303.5,12.699
303.75,12.699
304,12.699
304.25,12.699
304.5,12.699
304.75,12.699
305,12.699
305.25,12.699
305.5,12.699
305.75,12.699
306,12.699
306.25,12.699
306.5,12.699
306.75,12.699
307,12.699
307.25,12.699
307.5,12.699
307.75,12.699
308,12.699
308.25,12.699
308.5,12.699
308.75,12.699
309,12.699
309.25,12.699
309.5,12.699
309.75,12.699
310,12.699
310.25,12.699
310.5,12.699
310.75,12.699
311,12.699
311.25,12.699
311.5,12.699
311.75,12.699
312,12.699
312.25,12.699
312.5,12.699
312.75,12.699
313,12.699
313.25,12.699
313.5,12.699
313.75,12.699
314,12.699
314.25,12.699
314.5,12.699
314.75,12.699
315,12.699
315.25,12.699
315.5,12.699
315.75,12.699
316,12.699
316.25,12.699
316.5,12.699
316.75,12.699
317,12.699
317.25,12.699
317.5,12.699
317.75,12.699
318,12.699
318.25,12.699
318.5,12.699
318.75,12.699
319,12.699
319.25,12.699
319.5,12.699
319.75,12.699
320,12.699
320.25,12.699
320.5,12.699
320.75,12.699
321,12.699
321.25,12.699
321.5,12.699
321.75,12.699
322,12.699
322.25,12.699
322.5,12.699
322.75,12.699
323,12.699
323.25,12.699
323.5,12.699
323.75,12.699
324,12.699
324.25,12.699
324.5,12.699
324.75,12.699
325,12.699
325.25,12.699
325.5,12.699
325.75,12.699
326,12.699
326.25,12.699
326.5,12.699
326.75,12.699
327,12.699
327.25,12.699
327.5,12.699
327.75,12.699
328,12.699
328.25,12.699
328.5,12.699
328.75,12.699
329,12.699
329.25,12.699
329.5,12.699
329.75,12.699
330,12.699
330.25,12.699
330.5,12.699
330.75,12.699
331,12.699
331.25,12.699
331.5,12.699
331.75,12.699
332,12.699
332.25,12.699
332.5,12.699
332.75,12.699
333,12.699
333.25,12.699
333.5,12.699
333.75,12.699
334,12.699
334.25,12.699
334.5,12.699
334.75,12.699
335,12.699
335.25,12.699
335.5,12.699
335.75,12.699
336,12.699
336.25,12.699
336.5,12.699
336.75,12.699
337,12.699
337.25,12.699
337.5,12.699
337.75,12.699
338,12.699
338.25,12.699
338.5,12.699
338.75,12.699
339,12.699
339.25,12.699
339.5,12.699
339.75,12.699
340,12.699
340.25,12.699
340.5,12.699
340.75,12.699
341,12.699
341.25,12.699
341.5,12.699
341.75,12.699
342,12.699
342.25,12.699
342.5,12.699
342.75,12.699
343,12.699
343.25,12.699
343.5,12.699
343.75,12.699
344,12.699
344.25,12.699
344.5,12.699
344.75,12.699
345,12.699
345.25,12.699
345.5,12.699
345.75,12.699
346,12.699
346.25,12.699
346.5,12.699
346.75,12.699
347,12.699
347.25,12.699
347.5,12.699
347.75,12.699
348,12.699
348.25,12.699
348.5,12.699
348.75,12.699
349,12.699
349.25,12.699
349.5,12.699
349.75,12.699
350,12.699
350.25,12.699
350.5,12.699
350.75,12.699
351,12.699
351.25,12.699
351.5,12.699
351.75,12.699
352,12.699
352.25,12.699
352.5,12.699
352.75,12.699
353,12.699
353.25,12.699
353.5,12.699
353.75,12.699
354,12.699
354.25,12.699
354.5,12.699
354.75,12.699
355,12.699
355.25,12.699
355.5,12.699
355.75,12.699
356,12.699
356.25,12.699
356.5,12.699
356.75,12.699
357,12.699
357.25,12.699
357.5,12.699
357.75,12.699
358,12.699
358.25,12.699
358.5,12.699
358.75,12.699
359,12.699
359.25,12.699
359.5,12.699
359.75,12.699
360,12.699
360.25,12.699
360.5,12.699
360.75,12.699
361,12.699
361.25,12.699
361.5,12.699
361.75,12.699
362,12.699
362.25,12.699
362.5,12.699
362.75,12.699
363,12.699
363.25,12.699
363.5,12.699
363.75,12.699
364,12.699
364.25,12.699
364.5,12.699
364.75,12.699
365,12.699
365.25,12.699
365.5,12.699
365.75,12.699
366,12.699
366.25,12.699
366.5,12.699
366.75,12.699
367,12.699
367.25,12.699
367.5,12.699
367.75,12.699
368,12.699
368.25,12.699
368.5,12.699
368.75,12.699
369,12.699
369.25,12.699
369.5,12.699
369.75,12.699
370,12.699
370.25,12.699
370.5,12.699
370.75,12.699
371,12.699
371.25,12.699
371.5,12.699
371.75,12.699
372,12.699
372.25,12.699
372.5,12.699
372.75,12.699
373,12.699
373.25,12.699
373.5,12.699
373.75,12.699
374,12.699
374.25,12.699
374.5,12.699
374.75,12.699
375,12.699
375.25,12.699
375.5,12.699
375.75,12.699
376,12.699
376.25,12.699
376.5,12.699
376.75,12.699
377,12.699
377.25,12.699
377.5,12.699
377.75,12.699
378,12.699
378.25,12.699
378.5,12.699
378.75,12.699
379,12.699
379.25,12.699
379.5,12.699
379.75,12.699
380,12.699
380.25,12.699
380.5,12.699
380.75,12.699
381,12.699
381.25,12.699
381.5,12.699
381.75,12.699
382,12.699
382.25,12.699
382.5,12.699
382.75,12.699
383,12.699
383.25,12.699
383.5,12.699
383.75,12.699
384,12.699
384.25,12.699
384.5,12.699
384.75,12.699
385,12.699
385.25,12.699
385.5,12.699
385.75,12.699
386,12.699
386.25,12.699
386.5,12.699
386.75,12.699
387,12.699
387.25,12.699
387.5,12.699
387.75,12.699
388,12.699
388.25,12.699
388.5,12.699
388.75,12.699
389,12.699
389.25,12.699
389.5,12.699
389.75,12.699
390,12.699
390.25,12.699
390.5,12.699
390.75,12.699
391,12.699
391.25,12.699
391.5,12.699
391.75,12.699
392,12.699
392.25,12.699
392.5,12.699
392.75,12.699
393,12.699
393.25,12.699
393.5,12.699
393.75,12.699
394,12.699
394.25,12.699
394.5,12.699
394.75,12.699
395,12.699
395.25,12.699
395.5,12.699
395.75,12.699
396,12.699
396.25,12.699
396.5,12.699
396.75,12.699
397,12.699
397.25,12.699
397.5,12.699
397.75,12.699
398,12.699
398.25,12.699
398.5,12.699
398.75,12.699
399,12.699
399.25,12.699
399.5,12.699
399.75,12.699
400,91.338
400.25,91.338
400.5,91.338
400.75,91.338
401,91.338
401.25,91.338
401.5,91.338
401.75,91.338
402,91.338
402.25,91.338
402.5,91.338
402.75,91.338
403,91.338
403.25,91.338
403.5,91.338
403.75,91.338
404,91.338
404.25,91.338
404.5,91.338
404.75,91.338
405,91.338
405.25,91.338
405.5,91.338
405.75,91.338
406,91.338
406.25,91.338
406.5,91.338
406.75,91.338
407,91.338
407.25,91.338
407.5,91.338
407.75,91.338
408,91.338
408.25,91.338
408.5,91.338
408.75,91.338
409,91.338
409.25,91.338
409.5,91.338
409.75,91.338
410,91.338
410.25,91.338
410.5,91.338
410.75,91.338
411,91.338
411.25,91.338
411.5,91.338
411.75,91.338
412,91.338
412.25,91.338
412.5,91.338
412.75,91.338
413,91.338
413.25,91.338
413.5,91.338
413.75,91.338
414,91.338
414.25,91.338
414.5,91.338
414.75,91.338
415,91.338
415.25,91.338
415.5,91.338
415.75,91.338
416,91.338
416.25,91.338
416.5,91.338
416.75,91.338
417,91.338
417.25,91.338
417.5,91.338
417.75,91.338
418,91.338
418.25,91.338
418.5,91.338
418.75,91.338
419,91.338
419.25,91.338
419.5,91.338
419.75,91.338
420,91.338
420.25,91.338
420.5,91.338
420.75,91.338
421,91.338
421.25,91.338
421.5,91.338
421.75,91.338
422,91.338
422.25,91.338
422.5,91.338
422.75,91.338
423,91.338
423.25,91.338
423.5,91.338
423.75,91.338
424,91.338
424.25,91.338
424.5,91.338
424.75,91.338
425,91.338
425.25,91.338
425.5,91.338
425.75,91.338
426,91.338
426.25,91.338
426.5,91.338
426.75,91.338
427,91.338
427.25,91.338
427.5,91.338
427.75,91.338
428,91.338
428.25,91.338
428.5,91.338
428.75,91.338
429,91.338
429.25,91.338
429.5,91.338
429.75,91.338
430,91.338
430.25,91.338
430.5,91.338
430.75,91.338
431,91.338
431.25,91.338
431.5,91.338
431.75,91.338
432,91.338
432.25,91.338
432.5,91.338
432.75,91.338
433,91.338
433.25,91.338
433.5,91.338
433.75,91.338
434,91.338
434.25,91.338
434.5,91.338
434.75,91.338
435,91.338
435.25,91.338
435.5,91.338
435.75,91.338
436,91.338
436.25,91.338
436.5,91.338
436.75,91.338
437,91.338
437.25,91.338
437.5,91.338
437.75,91.338
438,91.338
438.25,91.338
438.5,91.338
438.75,91.338
439,91.338
439.25,91.338
439.5,91.338
439.75,91.338
440,91.338
440.25,91.338
440.5,91.338
440.75,91.338
441,91.338
441.25,91.338
441.5,91.338
441.75,91.338
442,91.338
442.25,91.338
442.5,91.338
442.75,91.338
443,91.338
443.25,91.338
443.5,91.338
443.75,91.338
444,91.338
444.25,91.338
444.5,91.338
444.75,91.338
445,91.338
445.25,91.338
445.5,91.338
445.75,91.338
446,91.338
446.25,91.338
446.5,91.338
446.75,91.338
447,91.338
447.25,91.338
447.5,91.338
447.75,91.338
448,91.338
448.25,91.338
448.5,91.338
448.75,91.338
449,91.338
449.25,91.338
449.5,91.338
449.75,91.338
450,91.338
450.25,91.338
450.5,91.338
450.75,91.338
451,91.338
451.25,91.338
451.5,91.338
451.75,91.338
452,91.338
452.25,91.338
452.5,91.338
452.75,91.338
453,91.338
453.25,91.338
453.5,91.338
453.75,91.338
454,91.338
454.25,91.338
454.5,91.338
454.75,91.338
455,91.338
455.25,91.338
455.5,91.338
455.75,91.338
456,91.338
456.25,91.338
456.5,91.338
456.75,91.338
457,91.338
457.25,91.338
457.5,91.338
457.75,91.338
458,91.338
458.25,91.338
458.5,91.338
458.75,91.338
459,91.338
459.25,91.338
459.5,91.338
459.75,91.338
460,91.338
460.25,91.338
460.5,91.338
460.75,91.338
461,91.338
461.25,91.338
461.5,91.338
461.75,91.338
462,91.338
462.25,91.338
462.5,91.338
462.75,91.338
463,91.338
463.25,91.338
463.5,91.338
463.75,91.338
464,91.338
464.25,91.338
464.5,91.338
464.75,91.338
465,91.338
465.25,91.338
465.5,91.338
465.75,91.338
466,91.338
466.25,91.338
466.5,91.338
466.75,91.338
467,91.338
467.25,91.338
467.5,91.338
467.75,91.338
468,91.338
468.25,91.338
468.5,91.338
468.75,91.338
469,91.338
469.25,91.338
469.5,91.338
469.75,91.338
470,91.338
470.25,91.338
470.5,91.338
470.75,91.338
471,91.338
471.25,91.338
471.5,91.338
471.75,91.338
472,91.338
472.25,91.338
472.5,91.338
472.75,91.338
473,91.338
473.25,91.338
473.5,91.338
473.75,91.338
474,91.338
474.25,91.338
474.5,91.338
474.75,91.338
475,91.338
475.25,91.338
475.5,91.338
475.75,91.338
476,91.338
476.25,91.338
476.5,91.338
476.75,91.338
477,91.338
477.25,91.338
477.5,91.338
477.75,91.338
478,91.338
478.25,91.338
478.5,91.338
478.75,91.338
479,91.338
479.25,91.338
479.5,91.338
479.75,91.338
480,91.338
480.25,91.338
480.5,91.338
480.75,91.338
481,91.338
481.25,91.338
481.5,91.338
481.75,91.338
482,91.338
482.25,91.338
482.5,91.338
482.75,91.338
483,91.338
483.25,91.338
483.5,91.338
483.75,91.338
484,91.338
484.25,91.338
484.5,91.338
484.75,91.338
485,91.338
485.25,91.338
485.5,91.338
485.75,91.338
486,91.338
486.25,91.338
486.5,91.338
486.75,91.338
487,91.338
487.25,91.338
487.5,91.338
487.75,91.338
488,91.338
488.25,91.338
488.5,91.338
488.75,91.338
489,91.338
489.25,91.338
489.5,91.338
489.75,91.338
490,91.338
490.25,91.338
490.5,91.338
490.75,91.338
491,91.338
491.25,91.338
491.5,91.338
491.75,91.338
492,91.338
492.25,91.338
492.5,91.338
492.75,91.338
493,91.338
493.25,91.338
493.5,91.338
493.75,91.338
494,91.338
494.25,91.338
494.5,91.338
494.75,91.338
495,91.338
495.25,91.338
495.5,91.338
495.75,91.338
496,91.338
496.25,91.338
496.5,91.338
496.75,91.338
497,91.338
497.25,91.338
497.5,91.338
497.75,91.338
498,91.338
498.25,91.338
498.5,91.338
498.75,91.338
499,91.338
499.25,91.338
499.5,91.338
499.75,91.338
500,91.338
500.25,91.338
500.5,91.338
500.75,91.338
501,91.338
501.25,91.338
501.5,91.338
501.75,91.338
502,91.338
502.25,91.338
502.5,91.338
502.75,91.338
503,91.338
503.25,91.338
503.5,91.338
503.75,91.338
504,91.338
504.25,91.338
504.5,91.338
504.75,91.338
505,91.338
505.25,91.338
505.5,91.338
505.75,91.338
506,91.338
506.25,91.338
506.5,91.338
506.75,91.338
507,91.338
507.25,91.338
507.5,91.338
507.75,91.338
508,91.338
508.25,91.338
508.5,91.338
508.75,91.338
509,91.338
509.25,91.338
509.5,91.338
509.75,91.338
510,91.338
510.25,91.338
510.5,91.338
510.75,91.338
511,91.338
511.25,91.338
511.5,91.338
511.75,91.338
512,91.338
512.25,91.338
512.5,91.338
512.75,91.338
513,91.338
513.25,91.338
513.5,91.338
513.75,91.338
514,91.338
514.25,91.338
514.5,91.338
514.75,91.338
515,91.338
515.25,91.338
515.5,91.338
515.75,91.338
516,91.338
516.25,91.338
516.5,91.338
516.75,91.338
517,91.338
517.25,91.338
517.5,91.338
517.75,91.338
518,91.338
518.25,91.338
518.5,91.338
518.75,91.338
519,91.338
519.25,91.338
519.5,91.338
519.75,91.338
520,63.236
520.25,63.236
520.5,63.236
520.75,63.236
521,63.236
521.25,63.236
521.5,63.236
521.75,63.236
522,63.236
522.25,63.236
522.5,63.236
522.75,63.236
523,63.236
523.25,63.236
523.5,63.236
523.75,63.236
524,63.236
524.25,63.236
524.5,63.236
524.75,63.236
525,63.236
525.25,63.236
525.5,63.236
525.75,63.236
526,63.236
526.25,63.236
526.5,63.236
526.75,63.236
527,63.236
527.25,63.236
527.5,63.236
527.75,63.236
528,63.236
528.25,63.236
528.5,63.236
528.75,63.236
529,63.236
529.25,63.236
529.5,63.236
529.75,63.236
530,63.236
530.25,63.236
530.5,63.236
530.75,63.236
531,63.236
531.25,63.236
531.5,63.236
531.75,63.236
532,63.236
532.25,63.236
532.5,63.236
532.75,63.236
533,63.236
533.25,63.236
533.5,63.236
533.75,63.236
534,63.236
534.25,63.236
534.5,63.236
534.75,63.236
535,63.236
535.25,63.236
535.5,63.236
535.75,63.236
536,63.236
536.25,63.236
536.5,63.236
536.75,63.236
537,63.236
537.25,63.236
537.5,63.236
537.75,63.236
538,63.236
538.25,63.236
538.5,63.236
538.75,63.236
539,63.236
539.25,63.236
539.5,63.236
539.75,63.236
540,63.236
540.25,63.236
540.5,63.236
540.75,63.236
541,63.236
541.25,63.236
541.5,63.236
541.75,63.236
542,63.236
542.25,63.236
542.5,63.236
542.75,63.236
543,63.236
543.25,63.236
543.5,63.236
543.75,63.236
544,63.236
544.25,63.236
544.5,63.236
544.75,63.236
545,63.236
545.25,63.236
545.5,63.236
545.75,63.236
546,63.236
546.25,63.236
546.5,63.236
546.75,63.236
547,63.236
547.25,63.236
547.5,63.236
547.75,63.236
548,63.236
548.25,63.236
548.5,63.236
548.75,63.236
549,63.236
549.25,63.236
549.5,63.236
549.75,63.236
550,63.236
550.25,63.236
550.5,63.236
550.75,63.236
551,63.236
551.25,63.236
551.5,63.236
551.75,63.236
552,63.236
552.25,63.236
552.5,63.236
552.75,63.236
553,63.236
553.25,63.236
553.5,63.236
553.75,63.236
554,63.236
554.25,63.236
554.5,63.236
554.75,63.236
555,63.236
555.25,63.236
555.5,63.236
555.75,63.236
556,63.236
556.25,63.236
556.5,63.236
556.75,63.236
557,63.236
557.25,63.236
557.5,63.236
557.75,63.236
558,63.236
558.25,63.236
558.5,63.236
558.75,63.236
559,63.236
559.25,63.236
559.5,63.236
559.75,63.236
560,63.236
560.25,63.236
560.5,63.236
560.75,63.236
561,63.236
561.25,63.236
561.5,63.236
561.75,63.236
562,63.236
562.25,63.236
562.5,63.236
562.75,63.236
563,63.236
563.25,63.236
563.5,63.236
563.75,63.236
564,63.236
564.25,63.236
564.5,63.236
564.75,63.236
565,63.236
565.25,63.236
565.5,63.236
565.75,63.236
566,63.236
566.25,63.236
566.5,63.236
566.75,63.236
567,63.236
567.25,63.236
567.5,63.236
567.75,63.236
568,63.236
568.25,63.236
568.5,63.236
568.75,63.236
569,63.236
569.25,63.236
569.5,63.236
569.75,63.236
570,63.236
570.25,63.236
570.5,63.236
570.75,63.236
571,63.236
571.25,63.236
571.5,63.236
571.75,63.236
572,63.236
572.25,63.236
572.5,63.236
572.75,63.236
573,63.236
573.25,63.236
573.5,63.236
573.75,63.236
574,63.236
574.25,63.236
574.5,63.236
574.75,63.236
575,63.236
575.25,63.236
575.5,63.236
575.75,63.236
576,63.236
576.25,63.236
576.5,63.236
576.75,63.236
577,63.236
577.25,63.236
577.5,63.236
577.75,63.236
578,63.236
578.25,63.236
578.5,63.236
578.75,63.236
579,63.236
579.25,63.236
579.5,63.236
579.75,63.236
580,63.236
580.25,63.236
580.5,63.236
580.75,63.236
581,63.236
581.25,63.236
581.5,63.236
581.75,63.236
582,63.236
582.25,63.236
582.5,63.236
582.75,63.236
583,63.236
583.25,63.236
583.5,63.236
583.75,63.236
584,63.236
584.25,63.236
584.5,63.236
584.75,63.236
585,63.236
585.25,63.236
585.5,63.236
585.75,63.236
586,63.236
586.25,63.236
586.5,63.236
586.75,63.236
587,63.236
587.25,63.236
587.5,63.236
587.75,63.236
588,63.236
588.25,63.236
588.5,63.236
588.75,63.236
589,63.236
589.25,63.236
589.5,63.236
589.75,63.236
590,63.236
590.25,63.236
590.5,63.236
590.75,63.236
591,63.236
591.25,63.236
591.5,63.236
591.75,63.236
592,63.236
592.25,63.236
592.5,63.236
592.75,63.236
593,63.236
593.25,63.236
593.5,63.236
593.75,63.236
594,63.236
594.25,63.236
594.5,63.236
594.75,63.236
595,63.236
595.25,63.236
595.5,63.236
595.75,63.236
596,63.236
596.25,63.236
596.5,63.236
596.75,63.236
597,63.236
597.25,63.236
597.5,63.236
597.75,63.236
598,63.236
598.25,63.236
598.5,63.236
598.75,63.236
599,63.236
599.25,63.236
599.5,63.236
599.75,63.236
600,63.236
600.25,63.236
600.5,63.236
600.75,63.236
601,63.236
601.25,63.236
601.5,63.236
601.75,63.236
602,63.236
602.25,63.236
602.5,63.236
602.75,63.236
603,63.236
603.25,63.236
603.5,63.236
603.75,63.236
604,63.236
604.25,63.236
604.5,63.236
604.75,63.236
605,63.236
605.25,63.236
605.5,63.236
605.75,63.236
606,63.236
606.25,63.236
606.5,63.236
606.75,63.236
607,63.236
607.25,63.236
607.5,63.236
607.75,63.236
608,63.236
608.25,63.236
608.5,63.236
608.75,63.236
609,63.236
609.25,63.236
609.5,63.236
609.75,63.236
610,63.236
610.25,63.236
610.5,63.236
610.75,63.236
611,63.236
611.25,63.236
611.5,63.236
611.75,63.236
612,63.236
612.25,63.236
612.5,63.236
612.75,63.236
613,63.236
613.25,63.236
613.5,63.236
613.75,63.236
614,63.236
614.25,63.236
614.5,63.236
614.75,63.236
615,63.236
615.25,63.236
615.5,63.236
615.75,63.236
616,63.236
616.25,63.236
616.5,63.236
616.75,63.236
617,63.236
617.25,63.236
617.5,63.236
617.75,63.236
618,63.236
618.25,63.236
618.5,63.236
618.75,63.236
619,63.236
619.25,63.236
619.5,63.236
619.75,63.236
620,63.236
620.25,63.236
620.5,63.236
620.75,63.236
621,63.236
621.25,63.236
621.5,63.236
621.75,63.236
622,63.236
622.25,63.236
622.5,63.236
622.75,63.236
623,63.236
623.25,63.236
623.5,63.236
623.75,63.236
624,63.236
624.25,63.236
624.5,63.236
624.75,63.236
625,63.236
625.25,63.236
625.5,63.236
625.75,63.236
626,63.236
626.25,63.236
626.5,63.236
626.75,63.236
627,63.236
627.25,63.236
627.5,63.236
627.75,63.236
628,63.236
628.25,63.236
628.5,63.236
628.75,63.236
629,63.236
629.25,63.236
629.5,63.236
629.75,63.236
630,63.236
630.25,63.236
630.5,63.236
630.75,63.236
631,63.236
631.25,63.236
631.5,63.236
631.75,63.236
632,63.236
632.25,63.236
632.5,63.236
632.75,63.236
633,63.236
633.25,63.236
633.5,63.236
633.75,63.236
634,63.236
634.25,63.236
634.5,63.236
634.75,63.236
635,63.236
635.25,63.236
635.5,63.236
635.75,63.236
636,63.236
636.25,63.236
636.5,63.236
636.75,63.236
637,63.236
637.25,63.236
637.5,63.236
637.75,63.236
638,63.236
638.25,63.236
638.5,63.236
638.75,63.236
639,63.236
639.25,63.236
639.5,63.236
639.75,63.236
640,50
640.25,50
640.5,50
640.75,50
641,50
641.25,50
641.5,50
641.75,50
642,50
642.25,50
642.5,50
642.75,50
643,50
643.25,50
643.5,50
643.75,50
644,50
644.25,50
644.5,50
644.75,50
645,50
645.25,50
645.5,50
645.75,50
646,50
646.25,50
646.5,50
646.75,50
647,50
647.25,50
647.5,50
647.75,50
648,50
648.25,50
648.5,50
648.75,50
649,50
649.25,50
649.5,50
649.75,50
650,50
650.25,50
650.5,50
650.75,50
651,50
651.25,50
651.5,50
651.75,50
652,50
652.25,50
652.5,50
652.75,50
653,50
653.25,50
653.5,50
653.75,50
654,50
654.25,50
654.5,50
654.75,50
655,50
655.25,50
655.5,50
655.75,50
656,50
656.25,50
656.5,50
656.75,50
657,50
657.25,50
657.5,50
657.75,50
658,50
658.25,50
658.5,50
658.75,50
659,50
659.25,50
659.5,50
659.75,50
660,0
660.25,0
660.5,0
660.75,0
661,0
661.25,0
661.5,0
661.75,0
662,0
662.25,0
662.5,0
662.75,0
663,0
663.25,0
663.5,0
663.75,0
664,0
664.25,0
664.5,0
664.75,0
665,0
665.25,0
665.5,0
665.75,0
666,0
666.25,0
666.5,0
666.75,0
667,0
667.25,0
667.5,0
667.75,0
668,0
668.25,0
668.5,0
668.75,0
669,0
669.25,0
669.5,0
669.75,0
670,0
670.25,0
670.5,0
670.75,0
671,0
671.25,0
671.5,0
671.75,0
672,0
672.25,0
672.5,0
672.75,0
673,0
673.25,0
673.5,0
673.75,0
674,0
674.25,0
674.5,0
674.75,0
675,0
675.25,0
675.5,0
675.75,0
676,0
676.25,0
676.5,0
676.75,0
677,0
677.25,0
677.5,0
677.75,0
678,0
678.25,0
678.5,0
678.75,0
679,0
679.25,0
679.5,0
679.75,0
